date,real_gdp,real_gdp_per_capita,cpi,inflation,unemployment,federal_funds_rate,retail_sales,treasury_yield_10y
2022-01-01,22075.931,65770.0,281.148,8.00279982052121,4.0,0.08,505782.0,1.76
2022-01-02,22075.931,65770.0,281.148,8.00279982052121,4.0,0.08,505782.0,1.76
2022-01-03,22075.931,65770.0,281.148,8.00279982052121,4.0,0.08,505782.0,1.76
2022-01-04,22075.931,65770.0,281.148,8.00279982052121,4.0,0.08,505782.0,1.76
2022-01-05,22075.931,65770.0,281.148,8.00279982052121,4.0,0.08,505782.0,1.76
2022-01-06,22075.931,65770.0,281.148,8.00279982052121,4.0,0.08,505782.0,1.76
2022-01-07,22075.931,65770.0,281.148,8.00279982052121,4.0,0.08,505782.0,1.76
2022-01-08,22075.931,65770.0,281.148,8.00279982052121,4.0,0.08,505782.0,1.76
2022-01-09,22075.931,65770.0,281.148,8.00279982052121,4.0,0.08,505782.0,1.76
2022-01-10,22075.931,65770.0,281.148,8.00279982052121,4.0,0.08,505782.0,1.76
2022-01-11,22075.931,65770.0,281.148,8.00279982052121,4.0,0.08,505782.0,1.76
2022-01-12,22075.931,65770.0,281.148,8.00279982052121,4.0,0.08,505782.0,1.76
2022-01-13,22075.931,65770.0,281.148,8.00279982052121,4.0,0.08,505782.0,1.76
2022-01-14,22075.931,65770.0,281.148,8.00279982052121,4.0,0.08,505782.0,1.76
2022-01-15,22075.931,65770.0,281.148,8.00279982052121,4.0,0.08,505782.0,1.76
2022-01-16,22075.931,65770.0,281.148,8.00279982052121,4.0,0.08,505782.0,1.76
2022-01-17,22075.931,65770.0,281.148,8.00279982052121,4.0,0.08,505782.0,1.76
2022-01-18,22075.931,65770.0,281.148,8.00279982052121,4.0,0.08,505782.0,1.76
2022-01-19,22075.931,65770.0,281.148,8.00279982052121,4.0,0.08,505782.0,1.76
2022-01-20,22075.931,65770.0,281.148,8.00279982052121,4.0,0.08,505782.0,1.76
2022-01-21,22075.931,65770.0,281.148,8.00279982052121,4.0,0.08,505782.0,1.76
2022-01-22,22075.931,65770.0,281.148,8.00279982052121,4.0,0.08,505782.0,1.76
2022-01-23,22075.931,65770.0,281.148,8.00279982052121,4.0,0.08,505782.0,1.76
2022-01-24,22075.931,65770.0,281.148,8.00279982052121,4.0,0.08,505782.0,1.76
2022-01-25,22075.931,65770.0,281.148,8.00279982052121,4.0,0.08,505782.0,1.76
2022-01-26,22075.931,65770.0,281.148,8.00279982052121,4.0,0.08,505782.0,1.76
2022-01-27,22075.931,65770.0,281.148,8.00279982052121,4.0,0.08,505782.0,1.76
2022-01-28,22075.931,65770.0,281.148,8.00279982052121,4.0,0.08,505782.0,1.76
2022-01-29,22075.931,65770.0,281.148,8.00279982052121,4.0,0.08,505782.0,1.76
2022-01-30,22075.931,65770.0,281.148,8.00279982052121,4.0,0.08,505782.0,1.76
2022-01-31,22075.931,65770.0,281.148,8.00279982052121,4.0,0.08,505782.0,1.76
2022-02-01,22075.931,65770.0,283.716,8.00279982052121,3.8,0.08,496221.0,1.93
2022-02-02,22075.931,65770.0,283.716,8.00279982052121,3.8,0.08,496221.0,1.93
2022-02-03,22075.931,65770.0,283.716,8.00279982052121,3.8,0.08,496221.0,1.93
2022-02-04,22075.931,65770.0,283.716,8.00279982052121,3.8,0.08,496221.0,1.93
2022-02-05,22075.931,65770.0,283.716,8.00279982052121,3.8,0.08,496221.0,1.93
2022-02-06,22075.931,65770.0,283.716,8.00279982052121,3.8,0.08,496221.0,1.93
2022-02-07,22075.931,65770.0,283.716,8.00279982052121,3.8,0.08,496221.0,1.93
2022-02-08,22075.931,65770.0,283.716,8.00279982052121,3.8,0.08,496221.0,1.93
2022-02-09,22075.931,65770.0,283.716,8.00279982052121,3.8,0.08,496221.0,1.93
2022-02-10,22075.931,65770.0,283.716,8.00279982052121,3.8,0.08,496221.0,1.93
2022-02-11,22075.931,65770.0,283.716,8.00279982052121,3.8,0.08,496221.0,1.93
2022-02-12,22075.931,65770.0,283.716,8.00279982052121,3.8,0.08,496221.0,1.93
2022-02-13,22075.931,65770.0,283.716,8.00279982052121,3.8,0.08,496221.0,1.93
2022-02-14,22075.931,65770.0,283.716,8.00279982052121,3.8,0.08,496221.0,1.93
2022-02-15,22075.931,65770.0,283.716,8.00279982052121,3.8,0.08,496221.0,1.93
2022-02-16,22075.931,65770.0,283.716,8.00279982052121,3.8,0.08,496221.0,1.93
2022-02-17,22075.931,65770.0,283.716,8.00279982052121,3.8,0.08,496221.0,1.93
2022-02-18,22075.931,65770.0,283.716,8.00279982052121,3.8,0.08,496221.0,1.93
2022-02-19,22075.931,65770.0,283.716,8.00279982052121,3.8,0.08,496221.0,1.93
2022-02-20,22075.931,65770.0,283.716,8.00279982052121,3.8,0.08,496221.0,1.93
2022-02-21,22075.931,65770.0,283.716,8.00279982052121,3.8,0.08,496221.0,1.93
2022-02-22,22075.931,65770.0,283.716,8.00279982052121,3.8,0.08,496221.0,1.93
2022-02-23,22075.931,65770.0,283.716,8.00279982052121,3.8,0.08,496221.0,1.93
2022-02-24,22075.931,65770.0,283.716,8.00279982052121,3.8,0.08,496221.0,1.93
2022-02-25,22075.931,65770.0,283.716,8.00279982052121,3.8,0.08,496221.0,1.93
2022-02-26,22075.931,65770.0,283.716,8.00279982052121,3.8,0.08,496221.0,1.93
2022-02-27,22075.931,65770.0,283.716,8.00279982052121,3.8,0.08,496221.0,1.93
2022-02-28,22075.931,65770.0,283.716,8.00279982052121,3.8,0.08,496221.0,1.93
2022-03-01,22075.931,65770.0,287.504,8.00279982052121,3.7,0.2,584512.0,2.13
2022-03-02,22075.931,65770.0,287.504,8.00279982052121,3.7,0.2,584512.0,2.13
2022-03-03,22075.931,65770.0,287.504,8.00279982052121,3.7,0.2,584512.0,2.13
2022-03-04,22075.931,65770.0,287.504,8.00279982052121,3.7,0.2,584512.0,2.13
2022-03-05,22075.931,65770.0,287.504,8.00279982052121,3.7,0.2,584512.0,2.13
2022-03-06,22075.931,65770.0,287.504,8.00279982052121,3.7,0.2,584512.0,2.13
2022-03-07,22075.931,65770.0,287.504,8.00279982052121,3.7,0.2,584512.0,2.13
2022-03-08,22075.931,65770.0,287.504,8.00279982052121,3.7,0.2,584512.0,2.13
2022-03-09,22075.931,65770.0,287.504,8.00279982052121,3.7,0.2,584512.0,2.13
2022-03-10,22075.931,65770.0,287.504,8.00279982052121,3.7,0.2,584512.0,2.13
2022-03-11,22075.931,65770.0,287.504,8.00279982052121,3.7,0.2,584512.0,2.13
2022-03-12,22075.931,65770.0,287.504,8.00279982052121,3.7,0.2,584512.0,2.13
2022-03-13,22075.931,65770.0,287.504,8.00279982052121,3.7,0.2,584512.0,2.13
2022-03-14,22075.931,65770.0,287.504,8.00279982052121,3.7,0.2,584512.0,2.13
2022-03-15,22075.931,65770.0,287.504,8.00279982052121,3.7,0.2,584512.0,2.13
2022-03-16,22075.931,65770.0,287.504,8.00279982052121,3.7,0.2,584512.0,2.13
2022-03-17,22075.931,65770.0,287.504,8.00279982052121,3.7,0.2,584512.0,2.13
2022-03-18,22075.931,65770.0,287.504,8.00279982052121,3.7,0.2,584512.0,2.13
2022-03-19,22075.931,65770.0,287.504,8.00279982052121,3.7,0.2,584512.0,2.13
2022-03-20,22075.931,65770.0,287.504,8.00279982052121,3.7,0.2,584512.0,2.13
2022-03-21,22075.931,65770.0,287.504,8.00279982052121,3.7,0.2,584512.0,2.13
2022-03-22,22075.931,65770.0,287.504,8.00279982052121,3.7,0.2,584512.0,2.13
2022-03-23,22075.931,65770.0,287.504,8.00279982052121,3.7,0.2,584512.0,2.13
2022-03-24,22075.931,65770.0,287.504,8.00279982052121,3.7,0.2,584512.0,2.13
2022-03-25,22075.931,65770.0,287.504,8.00279982052121,3.7,0.2,584512.0,2.13
2022-03-26,22075.931,65770.0,287.504,8.00279982052121,3.7,0.2,584512.0,2.13
2022-03-27,22075.931,65770.0,287.504,8.00279982052121,3.7,0.2,584512.0,2.13
2022-03-28,22075.931,65770.0,287.504,8.00279982052121,3.7,0.2,584512.0,2.13
2022-03-29,22075.931,65770.0,287.504,8.00279982052121,3.7,0.2,584512.0,2.13
2022-03-30,22075.931,65770.0,287.504,8.00279982052121,3.7,0.2,584512.0,2.13
2022-03-31,22075.931,65770.0,287.504,8.00279982052121,3.7,0.2,584512.0,2.13
2022-04-01,22075.931,65774.0,289.109,8.00279982052121,3.7,0.33,582200.0,2.75
2022-04-02,22075.931,65774.0,289.109,8.00279982052121,3.7,0.33,582200.0,2.75
2022-04-03,22075.931,65774.0,289.109,8.00279982052121,3.7,0.33,582200.0,2.75
2022-04-04,22075.931,65774.0,289.109,8.00279982052121,3.7,0.33,582200.0,2.75
2022-04-05,22075.931,65774.0,289.109,8.00279982052121,3.7,0.33,582200.0,2.75
2022-04-06,22075.931,65774.0,289.109,8.00279982052121,3.7,0.33,582200.0,2.75
2022-04-07,22075.931,65774.0,289.109,8.00279982052121,3.7,0.33,582200.0,2.75
2022-04-08,22075.931,65774.0,289.109,8.00279982052121,3.7,0.33,582200.0,2.75
2022-04-09,22075.931,65774.0,289.109,8.00279982052121,3.7,0.33,582200.0,2.75
2022-04-10,22075.931,65774.0,289.109,8.00279982052121,3.7,0.33,582200.0,2.75
2022-04-11,22075.931,65774.0,289.109,8.00279982052121,3.7,0.33,582200.0,2.75
2022-04-12,22075.931,65774.0,289.109,8.00279982052121,3.7,0.33,582200.0,2.75
2022-04-13,22075.931,65774.0,289.109,8.00279982052121,3.7,0.33,582200.0,2.75
2022-04-14,22075.931,65774.0,289.109,8.00279982052121,3.7,0.33,582200.0,2.75
2022-04-15,22075.931,65774.0,289.109,8.00279982052121,3.7,0.33,582200.0,2.75
2022-04-16,22075.931,65774.0,289.109,8.00279982052121,3.7,0.33,582200.0,2.75
2022-04-17,22075.931,65774.0,289.109,8.00279982052121,3.7,0.33,582200.0,2.75
2022-04-18,22075.931,65774.0,289.109,8.00279982052121,3.7,0.33,582200.0,2.75
2022-04-19,22075.931,65774.0,289.109,8.00279982052121,3.7,0.33,582200.0,2.75
2022-04-20,22075.931,65774.0,289.109,8.00279982052121,3.7,0.33,582200.0,2.75
2022-04-21,22075.931,65774.0,289.109,8.00279982052121,3.7,0.33,582200.0,2.75
2022-04-22,22075.931,65774.0,289.109,8.00279982052121,3.7,0.33,582200.0,2.75
2022-04-23,22075.931,65774.0,289.109,8.00279982052121,3.7,0.33,582200.0,2.75
2022-04-24,22075.931,65774.0,289.109,8.00279982052121,3.7,0.33,582200.0,2.75
2022-04-25,22075.931,65774.0,289.109,8.00279982052121,3.7,0.33,582200.0,2.75
2022-04-26,22075.931,65774.0,289.109,8.00279982052121,3.7,0.33,582200.0,2.75
2022-04-27,22075.931,65774.0,289.109,8.00279982052121,3.7,0.33,582200.0,2.75
2022-04-28,22075.931,65774.0,289.109,8.00279982052121,3.7,0.33,582200.0,2.75
2022-04-29,22075.931,65774.0,289.109,8.00279982052121,3.7,0.33,582200.0,2.75
2022-04-30,22075.931,65774.0,289.109,8.00279982052121,3.7,0.33,582200.0,2.75
2022-05-01,22075.931,65774.0,292.296,8.00279982052121,3.6,0.77,601192.0,2.9
2022-05-02,22075.931,65774.0,292.296,8.00279982052121,3.6,0.77,601192.0,2.9
2022-05-03,22075.931,65774.0,292.296,8.00279982052121,3.6,0.77,601192.0,2.9
2022-05-04,22075.931,65774.0,292.296,8.00279982052121,3.6,0.77,601192.0,2.9
2022-05-05,22075.931,65774.0,292.296,8.00279982052121,3.6,0.77,601192.0,2.9
2022-05-06,22075.931,65774.0,292.296,8.00279982052121,3.6,0.77,601192.0,2.9
2022-05-07,22075.931,65774.0,292.296,8.00279982052121,3.6,0.77,601192.0,2.9
2022-05-08,22075.931,65774.0,292.296,8.00279982052121,3.6,0.77,601192.0,2.9
2022-05-09,22075.931,65774.0,292.296,8.00279982052121,3.6,0.77,601192.0,2.9
2022-05-10,22075.931,65774.0,292.296,8.00279982052121,3.6,0.77,601192.0,2.9
2022-05-11,22075.931,65774.0,292.296,8.00279982052121,3.6,0.77,601192.0,2.9
2022-05-12,22075.931,65774.0,292.296,8.00279982052121,3.6,0.77,601192.0,2.9
2022-05-13,22075.931,65774.0,292.296,8.00279982052121,3.6,0.77,601192.0,2.9
2022-05-14,22075.931,65774.0,292.296,8.00279982052121,3.6,0.77,601192.0,2.9
2022-05-15,22075.931,65774.0,292.296,8.00279982052121,3.6,0.77,601192.0,2.9
2022-05-16,22075.931,65774.0,292.296,8.00279982052121,3.6,0.77,601192.0,2.9
2022-05-17,22075.931,65774.0,292.296,8.00279982052121,3.6,0.77,601192.0,2.9
2022-05-18,22075.931,65774.0,292.296,8.00279982052121,3.6,0.77,601192.0,2.9
2022-05-19,22075.931,65774.0,292.296,8.00279982052121,3.6,0.77,601192.0,2.9
2022-05-20,22075.931,65774.0,292.296,8.00279982052121,3.6,0.77,601192.0,2.9
2022-05-21,22075.931,65774.0,292.296,8.00279982052121,3.6,0.77,601192.0,2.9
2022-05-22,22075.931,65774.0,292.296,8.00279982052121,3.6,0.77,601192.0,2.9
2022-05-23,22075.931,65774.0,292.296,8.00279982052121,3.6,0.77,601192.0,2.9
2022-05-24,22075.931,65774.0,292.296,8.00279982052121,3.6,0.77,601192.0,2.9
2022-05-25,22075.931,65774.0,292.296,8.00279982052121,3.6,0.77,601192.0,2.9
2022-05-26,22075.931,65774.0,292.296,8.00279982052121,3.6,0.77,601192.0,2.9
2022-05-27,22075.931,65774.0,292.296,8.00279982052121,3.6,0.77,601192.0,2.9
2022-05-28,22075.931,65774.0,292.296,8.00279982052121,3.6,0.77,601192.0,2.9
2022-05-29,22075.931,65774.0,292.296,8.00279982052121,3.6,0.77,601192.0,2.9
2022-05-30,22075.931,65774.0,292.296,8.00279982052121,3.6,0.77,601192.0,2.9
2022-05-31,22075.931,65774.0,292.296,8.00279982052121,3.6,0.77,601192.0,2.9
2022-06-01,22075.931,65774.0,296.311,8.00279982052121,3.6,1.21,594419.0,3.14
2022-06-02,22075.931,65774.0,296.311,8.00279982052121,3.6,1.21,594419.0,3.14
2022-06-03,22075.931,65774.0,296.311,8.00279982052121,3.6,1.21,594419.0,3.14
2022-06-04,22075.931,65774.0,296.311,8.00279982052121,3.6,1.21,594419.0,3.14
2022-06-05,22075.931,65774.0,296.311,8.00279982052121,3.6,1.21,594419.0,3.14
2022-06-06,22075.931,65774.0,296.311,8.00279982052121,3.6,1.21,594419.0,3.14
2022-06-07,22075.931,65774.0,296.311,8.00279982052121,3.6,1.21,594419.0,3.14
2022-06-08,22075.931,65774.0,296.311,8.00279982052121,3.6,1.21,594419.0,3.14
2022-06-09,22075.931,65774.0,296.311,8.00279982052121,3.6,1.21,594419.0,3.14
2022-06-10,22075.931,65774.0,296.311,8.00279982052121,3.6,1.21,594419.0,3.14
2022-06-11,22075.931,65774.0,296.311,8.00279982052121,3.6,1.21,594419.0,3.14
2022-06-12,22075.931,65774.0,296.311,8.00279982052121,3.6,1.21,594419.0,3.14
2022-06-13,22075.931,65774.0,296.311,8.00279982052121,3.6,1.21,594419.0,3.14
2022-06-14,22075.931,65774.0,296.311,8.00279982052121,3.6,1.21,594419.0,3.14
2022-06-15,22075.931,65774.0,296.311,8.00279982052121,3.6,1.21,594419.0,3.14
2022-06-16,22075.931,65774.0,296.311,8.00279982052121,3.6,1.21,594419.0,3.14
2022-06-17,22075.931,65774.0,296.311,8.00279982052121,3.6,1.21,594419.0,3.14
2022-06-18,22075.931,65774.0,296.311,8.00279982052121,3.6,1.21,594419.0,3.14
2022-06-19,22075.931,65774.0,296.311,8.00279982052121,3.6,1.21,594419.0,3.14
2022-06-20,22075.931,65774.0,296.311,8.00279982052121,3.6,1.21,594419.0,3.14
2022-06-21,22075.931,65774.0,296.311,8.00279982052121,3.6,1.21,594419.0,3.14
2022-06-22,22075.931,65774.0,296.311,8.00279982052121,3.6,1.21,594419.0,3.14
2022-06-23,22075.931,65774.0,296.311,8.00279982052121,3.6,1.21,594419.0,3.14
2022-06-24,22075.931,65774.0,296.311,8.00279982052121,3.6,1.21,594419.0,3.14
2022-06-25,22075.931,65774.0,296.311,8.00279982052121,3.6,1.21,594419.0,3.14
2022-06-26,22075.931,65774.0,296.311,8.00279982052121,3.6,1.21,594419.0,3.14
2022-06-27,22075.931,65774.0,296.311,8.00279982052121,3.6,1.21,594419.0,3.14
2022-06-28,22075.931,65774.0,296.311,8.00279982052121,3.6,1.21,594419.0,3.14
2022-06-29,22075.931,65774.0,296.311,8.00279982052121,3.6,1.21,594419.0,3.14
2022-06-30,22075.931,65774.0,296.311,8.00279982052121,3.6,1.21,594419.0,3.14
2022-07-01,22075.931,66115.0,296.276,8.00279982052121,3.5,1.68,584625.0,2.9
2022-07-02,22075.931,66115.0,296.276,8.00279982052121,3.5,1.68,584625.0,2.9
2022-07-03,22075.931,66115.0,296.276,8.00279982052121,3.5,1.68,584625.0,2.9
2022-07-04,22075.931,66115.0,296.276,8.00279982052121,3.5,1.68,584625.0,2.9
2022-07-05,22075.931,66115.0,296.276,8.00279982052121,3.5,1.68,584625.0,2.9
2022-07-06,22075.931,66115.0,296.276,8.00279982052121,3.5,1.68,584625.0,2.9
2022-07-07,22075.931,66115.0,296.276,8.00279982052121,3.5,1.68,584625.0,2.9
2022-07-08,22075.931,66115.0,296.276,8.00279982052121,3.5,1.68,584625.0,2.9
2022-07-09,22075.931,66115.0,296.276,8.00279982052121,3.5,1.68,584625.0,2.9
2022-07-10,22075.931,66115.0,296.276,8.00279982052121,3.5,1.68,584625.0,2.9
2022-07-11,22075.931,66115.0,296.276,8.00279982052121,3.5,1.68,584625.0,2.9
2022-07-12,22075.931,66115.0,296.276,8.00279982052121,3.5,1.68,584625.0,2.9
2022-07-13,22075.931,66115.0,296.276,8.00279982052121,3.5,1.68,584625.0,2.9
2022-07-14,22075.931,66115.0,296.276,8.00279982052121,3.5,1.68,584625.0,2.9
2022-07-15,22075.931,66115.0,296.276,8.00279982052121,3.5,1.68,584625.0,2.9
2022-07-16,22075.931,66115.0,296.276,8.00279982052121,3.5,1.68,584625.0,2.9
2022-07-17,22075.931,66115.0,296.276,8.00279982052121,3.5,1.68,584625.0,2.9
2022-07-18,22075.931,66115.0,296.276,8.00279982052121,3.5,1.68,584625.0,2.9
2022-07-19,22075.931,66115.0,296.276,8.00279982052121,3.5,1.68,584625.0,2.9
2022-07-20,22075.931,66115.0,296.276,8.00279982052121,3.5,1.68,584625.0,2.9
2022-07-21,22075.931,66115.0,296.276,8.00279982052121,3.5,1.68,584625.0,2.9
2022-07-22,22075.931,66115.0,296.276,8.00279982052121,3.5,1.68,584625.0,2.9
2022-07-23,22075.931,66115.0,296.276,8.00279982052121,3.5,1.68,584625.0,2.9
2022-07-24,22075.931,66115.0,296.276,8.00279982052121,3.5,1.68,584625.0,2.9
2022-07-25,22075.931,66115.0,296.276,8.00279982052121,3.5,1.68,584625.0,2.9
2022-07-26,22075.931,66115.0,296.276,8.00279982052121,3.5,1.68,584625.0,2.9
2022-07-27,22075.931,66115.0,296.276,8.00279982052121,3.5,1.68,584625.0,2.9
2022-07-28,22075.931,66115.0,296.276,8.00279982052121,3.5,1.68,584625.0,2.9
2022-07-29,22075.931,66115.0,296.276,8.00279982052121,3.5,1.68,584625.0,2.9
2022-07-30,22075.931,66115.0,296.276,8.00279982052121,3.5,1.68,584625.0,2.9
2022-07-31,22075.931,66115.0,296.276,8.00279982052121,3.5,1.68,584625.0,2.9
2022-08-01,22075.931,66115.0,296.171,8.00279982052121,3.6,2.33,597265.0,2.9
2022-08-02,22075.931,66115.0,296.171,8.00279982052121,3.6,2.33,597265.0,2.9
2022-08-03,22075.931,66115.0,296.171,8.00279982052121,3.6,2.33,597265.0,2.9
2022-08-04,22075.931,66115.0,296.171,8.00279982052121,3.6,2.33,597265.0,2.9
2022-08-05,22075.931,66115.0,296.171,8.00279982052121,3.6,2.33,597265.0,2.9
2022-08-06,22075.931,66115.0,296.171,8.00279982052121,3.6,2.33,597265.0,2.9
2022-08-07,22075.931,66115.0,296.171,8.00279982052121,3.6,2.33,597265.0,2.9
2022-08-08,22075.931,66115.0,296.171,8.00279982052121,3.6,2.33,597265.0,2.9
2022-08-09,22075.931,66115.0,296.171,8.00279982052121,3.6,2.33,597265.0,2.9
2022-08-10,22075.931,66115.0,296.171,8.00279982052121,3.6,2.33,597265.0,2.9
2022-08-11,22075.931,66115.0,296.171,8.00279982052121,3.6,2.33,597265.0,2.9
2022-08-12,22075.931,66115.0,296.171,8.00279982052121,3.6,2.33,597265.0,2.9
2022-08-13,22075.931,66115.0,296.171,8.00279982052121,3.6,2.33,597265.0,2.9
2022-08-14,22075.931,66115.0,296.171,8.00279982052121,3.6,2.33,597265.0,2.9
2022-08-15,22075.931,66115.0,296.171,8.00279982052121,3.6,2.33,597265.0,2.9
2022-08-16,22075.931,66115.0,296.171,8.00279982052121,3.6,2.33,597265.0,2.9
2022-08-17,22075.931,66115.0,296.171,8.00279982052121,3.6,2.33,597265.0,2.9
2022-08-18,22075.931,66115.0,296.171,8.00279982052121,3.6,2.33,597265.0,2.9
2022-08-19,22075.931,66115.0,296.171,8.00279982052121,3.6,2.33,597265.0,2.9
2022-08-20,22075.931,66115.0,296.171,8.00279982052121,3.6,2.33,597265.0,2.9
2022-08-21,22075.931,66115.0,296.171,8.00279982052121,3.6,2.33,597265.0,2.9
2022-08-22,22075.931,66115.0,296.171,8.00279982052121,3.6,2.33,597265.0,2.9
2022-08-23,22075.931,66115.0,296.171,8.00279982052121,3.6,2.33,597265.0,2.9
2022-08-24,22075.931,66115.0,296.171,8.00279982052121,3.6,2.33,597265.0,2.9
2022-08-25,22075.931,66115.0,296.171,8.00279982052121,3.6,2.33,597265.0,2.9
2022-08-26,22075.931,66115.0,296.171,8.00279982052121,3.6,2.33,597265.0,2.9
2022-08-27,22075.931,66115.0,296.171,8.00279982052121,3.6,2.33,597265.0,2.9
2022-08-28,22075.931,66115.0,296.171,8.00279982052121,3.6,2.33,597265.0,2.9
2022-08-29,22075.931,66115.0,296.171,8.00279982052121,3.6,2.33,597265.0,2.9
2022-08-30,22075.931,66115.0,296.171,8.00279982052121,3.6,2.33,597265.0,2.9
2022-08-31,22075.931,66115.0,296.171,8.00279982052121,3.6,2.33,597265.0,2.9
2022-09-01,22075.931,66115.0,296.808,8.00279982052121,3.5,2.56,562463.0,3.52
2022-09-02,22075.931,66115.0,296.808,8.00279982052121,3.5,2.56,562463.0,3.52
2022-09-03,22075.931,66115.0,296.808,8.00279982052121,3.5,2.56,562463.0,3.52
2022-09-04,22075.931,66115.0,296.808,8.00279982052121,3.5,2.56,562463.0,3.52
2022-09-05,22075.931,66115.0,296.808,8.00279982052121,3.5,2.56,562463.0,3.52
2022-09-06,22075.931,66115.0,296.808,8.00279982052121,3.5,2.56,562463.0,3.52
2022-09-07,22075.931,66115.0,296.808,8.00279982052121,3.5,2.56,562463.0,3.52
2022-09-08,22075.931,66115.0,296.808,8.00279982052121,3.5,2.56,562463.0,3.52
2022-09-09,22075.931,66115.0,296.808,8.00279982052121,3.5,2.56,562463.0,3.52
2022-09-10,22075.931,66115.0,296.808,8.00279982052121,3.5,2.56,562463.0,3.52
2022-09-11,22075.931,66115.0,296.808,8.00279982052121,3.5,2.56,562463.0,3.52
2022-09-12,22075.931,66115.0,296.808,8.00279982052121,3.5,2.56,562463.0,3.52
2022-09-13,22075.931,66115.0,296.808,8.00279982052121,3.5,2.56,562463.0,3.52
2022-09-14,22075.931,66115.0,296.808,8.00279982052121,3.5,2.56,562463.0,3.52
2022-09-15,22075.931,66115.0,296.808,8.00279982052121,3.5,2.56,562463.0,3.52
2022-09-16,22075.931,66115.0,296.808,8.00279982052121,3.5,2.56,562463.0,3.52
2022-09-17,22075.931,66115.0,296.808,8.00279982052121,3.5,2.56,562463.0,3.52
2022-09-18,22075.931,66115.0,296.808,8.00279982052121,3.5,2.56,562463.0,3.52
2022-09-19,22075.931,66115.0,296.808,8.00279982052121,3.5,2.56,562463.0,3.52
2022-09-20,22075.931,66115.0,296.808,8.00279982052121,3.5,2.56,562463.0,3.52
2022-09-21,22075.931,66115.0,296.808,8.00279982052121,3.5,2.56,562463.0,3.52
2022-09-22,22075.931,66115.0,296.808,8.00279982052121,3.5,2.56,562463.0,3.52
2022-09-23,22075.931,66115.0,296.808,8.00279982052121,3.5,2.56,562463.0,3.52
2022-09-24,22075.931,66115.0,296.808,8.00279982052121,3.5,2.56,562463.0,3.52
2022-09-25,22075.931,66115.0,296.808,8.00279982052121,3.5,2.56,562463.0,3.52
2022-09-26,22075.931,66115.0,296.808,8.00279982052121,3.5,2.56,562463.0,3.52
2022-09-27,22075.931,66115.0,296.808,8.00279982052121,3.5,2.56,562463.0,3.52
2022-09-28,22075.931,66115.0,296.808,8.00279982052121,3.5,2.56,562463.0,3.52
2022-09-29,22075.931,66115.0,296.808,8.00279982052121,3.5,2.56,562463.0,3.52
2022-09-30,22075.931,66115.0,296.808,8.00279982052121,3.5,2.56,562463.0,3.52
2022-10-01,22075.931,66427.0,298.012,8.00279982052121,3.6,3.08,581106.0,3.98
2022-10-02,22075.931,66427.0,298.012,8.00279982052121,3.6,3.08,581106.0,3.98
2022-10-03,22075.931,66427.0,298.012,8.00279982052121,3.6,3.08,581106.0,3.98
2022-10-04,22075.931,66427.0,298.012,8.00279982052121,3.6,3.08,581106.0,3.98
2022-10-05,22075.931,66427.0,298.012,8.00279982052121,3.6,3.08,581106.0,3.98
2022-10-06,22075.931,66427.0,298.012,8.00279982052121,3.6,3.08,581106.0,3.98
2022-10-07,22075.931,66427.0,298.012,8.00279982052121,3.6,3.08,581106.0,3.98
2022-10-08,22075.931,66427.0,298.012,8.00279982052121,3.6,3.08,581106.0,3.98
2022-10-09,22075.931,66427.0,298.012,8.00279982052121,3.6,3.08,581106.0,3.98
2022-10-10,22075.931,66427.0,298.012,8.00279982052121,3.6,3.08,581106.0,3.98
2022-10-11,22075.931,66427.0,298.012,8.00279982052121,3.6,3.08,581106.0,3.98
2022-10-12,22075.931,66427.0,298.012,8.00279982052121,3.6,3.08,581106.0,3.98
2022-10-13,22075.931,66427.0,298.012,8.00279982052121,3.6,3.08,581106.0,3.98
2022-10-14,22075.931,66427.0,298.012,8.00279982052121,3.6,3.08,581106.0,3.98
2022-10-15,22075.931,66427.0,298.012,8.00279982052121,3.6,3.08,581106.0,3.98
2022-10-16,22075.931,66427.0,298.012,8.00279982052121,3.6,3.08,581106.0,3.98
2022-10-17,22075.931,66427.0,298.012,8.00279982052121,3.6,3.08,581106.0,3.98
2022-10-18,22075.931,66427.0,298.012,8.00279982052121,3.6,3.08,581106.0,3.98
2022-10-19,22075.931,66427.0,298.012,8.00279982052121,3.6,3.08,581106.0,3.98
2022-10-20,22075.931,66427.0,298.012,8.00279982052121,3.6,3.08,581106.0,3.98
2022-10-21,22075.931,66427.0,298.012,8.00279982052121,3.6,3.08,581106.0,3.98
2022-10-22,22075.931,66427.0,298.012,8.00279982052121,3.6,3.08,581106.0,3.98
2022-10-23,22075.931,66427.0,298.012,8.00279982052121,3.6,3.08,581106.0,3.98
2022-10-24,22075.931,66427.0,298.012,8.00279982052121,3.6,3.08,581106.0,3.98
2022-10-25,22075.931,66427.0,298.012,8.00279982052121,3.6,3.08,581106.0,3.98
2022-10-26,22075.931,66427.0,298.012,8.00279982052121,3.6,3.08,581106.0,3.98
2022-10-27,22075.931,66427.0,298.012,8.00279982052121,3.6,3.08,581106.0,3.98
2022-10-28,22075.931,66427.0,298.012,8.00279982052121,3.6,3.08,581106.0,3.98
2022-10-29,22075.931,66427.0,298.012,8.00279982052121,3.6,3.08,581106.0,3.98
2022-10-30,22075.931,66427.0,298.012,8.00279982052121,3.6,3.08,581106.0,3.98
2022-10-31,22075.931,66427.0,298.012,8.00279982052121,3.6,3.08,581106.0,3.98
2022-11-01,22075.931,66427.0,297.711,8.00279982052121,3.6,3.78,588876.0,3.89
2022-11-02,22075.931,66427.0,297.711,8.00279982052121,3.6,3.78,588876.0,3.89
2022-11-03,22075.931,66427.0,297.711,8.00279982052121,3.6,3.78,588876.0,3.89
2022-11-04,22075.931,66427.0,297.711,8.00279982052121,3.6,3.78,588876.0,3.89
2022-11-05,22075.931,66427.0,297.711,8.00279982052121,3.6,3.78,588876.0,3.89
2022-11-06,22075.931,66427.0,297.711,8.00279982052121,3.6,3.78,588876.0,3.89
2022-11-07,22075.931,66427.0,297.711,8.00279982052121,3.6,3.78,588876.0,3.89
2022-11-08,22075.931,66427.0,297.711,8.00279982052121,3.6,3.78,588876.0,3.89
2022-11-09,22075.931,66427.0,297.711,8.00279982052121,3.6,3.78,588876.0,3.89
2022-11-10,22075.931,66427.0,297.711,8.00279982052121,3.6,3.78,588876.0,3.89
2022-11-11,22075.931,66427.0,297.711,8.00279982052121,3.6,3.78,588876.0,3.89
2022-11-12,22075.931,66427.0,297.711,8.00279982052121,3.6,3.78,588876.0,3.89
2022-11-13,22075.931,66427.0,297.711,8.00279982052121,3.6,3.78,588876.0,3.89
2022-11-14,22075.931,66427.0,297.711,8.00279982052121,3.6,3.78,588876.0,3.89
2022-11-15,22075.931,66427.0,297.711,8.00279982052121,3.6,3.78,588876.0,3.89
2022-11-16,22075.931,66427.0,297.711,8.00279982052121,3.6,3.78,588876.0,3.89
2022-11-17,22075.931,66427.0,297.711,8.00279982052121,3.6,3.78,588876.0,3.89
2022-11-18,22075.931,66427.0,297.711,8.00279982052121,3.6,3.78,588876.0,3.89
2022-11-19,22075.931,66427.0,297.711,8.00279982052121,3.6,3.78,588876.0,3.89
2022-11-20,22075.931,66427.0,297.711,8.00279982052121,3.6,3.78,588876.0,3.89
2022-11-21,22075.931,66427.0,297.711,8.00279982052121,3.6,3.78,588876.0,3.89
2022-11-22,22075.931,66427.0,297.711,8.00279982052121,3.6,3.78,588876.0,3.89
2022-11-23,22075.931,66427.0,297.711,8.00279982052121,3.6,3.78,588876.0,3.89
2022-11-24,22075.931,66427.0,297.711,8.00279982052121,3.6,3.78,588876.0,3.89
2022-11-25,22075.931,66427.0,297.711,8.00279982052121,3.6,3.78,588876.0,3.89
2022-11-26,22075.931,66427.0,297.711,8.00279982052121,3.6,3.78,588876.0,3.89
2022-11-27,22075.931,66427.0,297.711,8.00279982052121,3.6,3.78,588876.0,3.89
2022-11-28,22075.931,66427.0,297.711,8.00279982052121,3.6,3.78,588876.0,3.89
2022-11-29,22075.931,66427.0,297.711,8.00279982052121,3.6,3.78,588876.0,3.89
2022-11-30,22075.931,66427.0,297.711,8.00279982052121,3.6,3.78,588876.0,3.89
2022-12-01,22075.931,66427.0,296.797,8.00279982052121,3.5,4.1,637438.0,3.62
2022-12-02,22075.931,66427.0,296.797,8.00279982052121,3.5,4.1,637438.0,3.62
2022-12-03,22075.931,66427.0,296.797,8.00279982052121,3.5,4.1,637438.0,3.62
2022-12-04,22075.931,66427.0,296.797,8.00279982052121,3.5,4.1,637438.0,3.62
2022-12-05,22075.931,66427.0,296.797,8.00279982052121,3.5,4.1,637438.0,3.62
2022-12-06,22075.931,66427.0,296.797,8.00279982052121,3.5,4.1,637438.0,3.62
2022-12-07,22075.931,66427.0,296.797,8.00279982052121,3.5,4.1,637438.0,3.62
2022-12-08,22075.931,66427.0,296.797,8.00279982052121,3.5,4.1,637438.0,3.62
2022-12-09,22075.931,66427.0,296.797,8.00279982052121,3.5,4.1,637438.0,3.62
2022-12-10,22075.931,66427.0,296.797,8.00279982052121,3.5,4.1,637438.0,3.62
2022-12-11,22075.931,66427.0,296.797,8.00279982052121,3.5,4.1,637438.0,3.62
2022-12-12,22075.931,66427.0,296.797,8.00279982052121,3.5,4.1,637438.0,3.62
2022-12-13,22075.931,66427.0,296.797,8.00279982052121,3.5,4.1,637438.0,3.62
2022-12-14,22075.931,66427.0,296.797,8.00279982052121,3.5,4.1,637438.0,3.62
2022-12-15,22075.931,66427.0,296.797,8.00279982052121,3.5,4.1,637438.0,3.62
2022-12-16,22075.931,66427.0,296.797,8.00279982052121,3.5,4.1,637438.0,3.62
2022-12-17,22075.931,66427.0,296.797,8.00279982052121,3.5,4.1,637438.0,3.62
2022-12-18,22075.931,66427.0,296.797,8.00279982052121,3.5,4.1,637438.0,3.62
2022-12-19,22075.931,66427.0,296.797,8.00279982052121,3.5,4.1,637438.0,3.62
2022-12-20,22075.931,66427.0,296.797,8.00279982052121,3.5,4.1,637438.0,3.62
2022-12-21,22075.931,66427.0,296.797,8.00279982052121,3.5,4.1,637438.0,3.62
2022-12-22,22075.931,66427.0,296.797,8.00279982052121,3.5,4.1,637438.0,3.62
2022-12-23,22075.931,66427.0,296.797,8.00279982052121,3.5,4.1,637438.0,3.62
2022-12-24,22075.931,66427.0,296.797,8.00279982052121,3.5,4.1,637438.0,3.62
2022-12-25,22075.931,66427.0,296.797,8.00279982052121,3.5,4.1,637438.0,3.62
2022-12-26,22075.931,66427.0,296.797,8.00279982052121,3.5,4.1,637438.0,3.62
2022-12-27,22075.931,66427.0,296.797,8.00279982052121,3.5,4.1,637438.0,3.62
2022-12-28,22075.931,66427.0,296.797,8.00279982052121,3.5,4.1,637438.0,3.62
2022-12-29,22075.931,66427.0,296.797,8.00279982052121,3.5,4.1,637438.0,3.62
2022-12-30,22075.931,66427.0,296.797,8.00279982052121,3.5,4.1,637438.0,3.62
2022-12-31,22075.931,66427.0,296.797,8.00279982052121,3.5,4.1,637438.0,3.62
2023-01-01,22723.719,66781.0,299.17,4.11633838374488,3.5,4.33,535580.0,3.53
2023-01-02,22723.719,66781.0,299.17,4.11633838374488,3.5,4.33,535580.0,3.53
2023-01-03,22723.719,66781.0,299.17,4.11633838374488,3.5,4.33,535580.0,3.53
2023-01-04,22723.719,66781.0,299.17,4.11633838374488,3.5,4.33,535580.0,3.53
2023-01-05,22723.719,66781.0,299.17,4.11633838374488,3.5,4.33,535580.0,3.53
2023-01-06,22723.719,66781.0,299.17,4.11633838374488,3.5,4.33,535580.0,3.53
2023-01-07,22723.719,66781.0,299.17,4.11633838374488,3.5,4.33,535580.0,3.53
2023-01-08,22723.719,66781.0,299.17,4.11633838374488,3.5,4.33,535580.0,3.53
2023-01-09,22723.719,66781.0,299.17,4.11633838374488,3.5,4.33,535580.0,3.53
2023-01-10,22723.719,66781.0,299.17,4.11633838374488,3.5,4.33,535580.0,3.53
2023-01-11,22723.719,66781.0,299.17,4.11633838374488,3.5,4.33,535580.0,3.53
2023-01-12,22723.719,66781.0,299.17,4.11633838374488,3.5,4.33,535580.0,3.53
2023-01-13,22723.719,66781.0,299.17,4.11633838374488,3.5,4.33,535580.0,3.53
2023-01-14,22723.719,66781.0,299.17,4.11633838374488,3.5,4.33,535580.0,3.53
2023-01-15,22723.719,66781.0,299.17,4.11633838374488,3.5,4.33,535580.0,3.53
2023-01-16,22723.719,66781.0,299.17,4.11633838374488,3.5,4.33,535580.0,3.53
2023-01-17,22723.719,66781.0,299.17,4.11633838374488,3.5,4.33,535580.0,3.53
2023-01-18,22723.719,66781.0,299.17,4.11633838374488,3.5,4.33,535580.0,3.53
2023-01-19,22723.719,66781.0,299.17,4.11633838374488,3.5,4.33,535580.0,3.53
2023-01-20,22723.719,66781.0,299.17,4.11633838374488,3.5,4.33,535580.0,3.53
2023-01-21,22723.719,66781.0,299.17,4.11633838374488,3.5,4.33,535580.0,3.53
2023-01-22,22723.719,66781.0,299.17,4.11633838374488,3.5,4.33,535580.0,3.53
2023-01-23,22723.719,66781.0,299.17,4.11633838374488,3.5,4.33,535580.0,3.53
2023-01-24,22723.719,66781.0,299.17,4.11633838374488,3.5,4.33,535580.0,3.53
2023-01-25,22723.719,66781.0,299.17,4.11633838374488,3.5,4.33,535580.0,3.53
2023-01-26,22723.719,66781.0,299.17,4.11633838374488,3.5,4.33,535580.0,3.53
2023-01-27,22723.719,66781.0,299.17,4.11633838374488,3.5,4.33,535580.0,3.53
2023-01-28,22723.719,66781.0,299.17,4.11633838374488,3.5,4.33,535580.0,3.53
2023-01-29,22723.719,66781.0,299.17,4.11633838374488,3.5,4.33,535580.0,3.53
2023-01-30,22723.719,66781.0,299.17,4.11633838374488,3.5,4.33,535580.0,3.53
2023-01-31,22723.719,66781.0,299.17,4.11633838374488,3.5,4.33,535580.0,3.53
2023-02-01,22723.719,66781.0,300.84,4.11633838374488,3.6,4.57,516582.0,3.75
2023-02-02,22723.719,66781.0,300.84,4.11633838374488,3.6,4.57,516582.0,3.75
2023-02-03,22723.719,66781.0,300.84,4.11633838374488,3.6,4.57,516582.0,3.75
2023-02-04,22723.719,66781.0,300.84,4.11633838374488,3.6,4.57,516582.0,3.75
2023-02-05,22723.719,66781.0,300.84,4.11633838374488,3.6,4.57,516582.0,3.75
2023-02-06,22723.719,66781.0,300.84,4.11633838374488,3.6,4.57,516582.0,3.75
2023-02-07,22723.719,66781.0,300.84,4.11633838374488,3.6,4.57,516582.0,3.75
2023-02-08,22723.719,66781.0,300.84,4.11633838374488,3.6,4.57,516582.0,3.75
2023-02-09,22723.719,66781.0,300.84,4.11633838374488,3.6,4.57,516582.0,3.75
2023-02-10,22723.719,66781.0,300.84,4.11633838374488,3.6,4.57,516582.0,3.75
2023-02-11,22723.719,66781.0,300.84,4.11633838374488,3.6,4.57,516582.0,3.75
2023-02-12,22723.719,66781.0,300.84,4.11633838374488,3.6,4.57,516582.0,3.75
2023-02-13,22723.719,66781.0,300.84,4.11633838374488,3.6,4.57,516582.0,3.75
2023-02-14,22723.719,66781.0,300.84,4.11633838374488,3.6,4.57,516582.0,3.75
2023-02-15,22723.719,66781.0,300.84,4.11633838374488,3.6,4.57,516582.0,3.75
2023-02-16,22723.719,66781.0,300.84,4.11633838374488,3.6,4.57,516582.0,3.75
2023-02-17,22723.719,66781.0,300.84,4.11633838374488,3.6,4.57,516582.0,3.75
2023-02-18,22723.719,66781.0,300.84,4.11633838374488,3.6,4.57,516582.0,3.75
2023-02-19,22723.719,66781.0,300.84,4.11633838374488,3.6,4.57,516582.0,3.75
2023-02-20,22723.719,66781.0,300.84,4.11633838374488,3.6,4.57,516582.0,3.75
2023-02-21,22723.719,66781.0,300.84,4.11633838374488,3.6,4.57,516582.0,3.75
2023-02-22,22723.719,66781.0,300.84,4.11633838374488,3.6,4.57,516582.0,3.75
2023-02-23,22723.719,66781.0,300.84,4.11633838374488,3.6,4.57,516582.0,3.75
2023-02-24,22723.719,66781.0,300.84,4.11633838374488,3.6,4.57,516582.0,3.75
2023-02-25,22723.719,66781.0,300.84,4.11633838374488,3.6,4.57,516582.0,3.75
2023-02-26,22723.719,66781.0,300.84,4.11633838374488,3.6,4.57,516582.0,3.75
2023-02-27,22723.719,66781.0,300.84,4.11633838374488,3.6,4.57,516582.0,3.75
2023-02-28,22723.719,66781.0,300.84,4.11633838374488,3.6,4.57,516582.0,3.75
2023-03-01,22723.719,66781.0,301.836,4.11633838374488,3.5,4.65,589560.0,3.66
2023-03-02,22723.719,66781.0,301.836,4.11633838374488,3.5,4.65,589560.0,3.66
2023-03-03,22723.719,66781.0,301.836,4.11633838374488,3.5,4.65,589560.0,3.66
2023-03-04,22723.719,66781.0,301.836,4.11633838374488,3.5,4.65,589560.0,3.66
2023-03-05,22723.719,66781.0,301.836,4.11633838374488,3.5,4.65,589560.0,3.66
2023-03-06,22723.719,66781.0,301.836,4.11633838374488,3.5,4.65,589560.0,3.66
2023-03-07,22723.719,66781.0,301.836,4.11633838374488,3.5,4.65,589560.0,3.66
2023-03-08,22723.719,66781.0,301.836,4.11633838374488,3.5,4.65,589560.0,3.66
2023-03-09,22723.719,66781.0,301.836,4.11633838374488,3.5,4.65,589560.0,3.66
2023-03-10,22723.719,66781.0,301.836,4.11633838374488,3.5,4.65,589560.0,3.66
2023-03-11,22723.719,66781.0,301.836,4.11633838374488,3.5,4.65,589560.0,3.66
2023-03-12,22723.719,66781.0,301.836,4.11633838374488,3.5,4.65,589560.0,3.66
2023-03-13,22723.719,66781.0,301.836,4.11633838374488,3.5,4.65,589560.0,3.66
2023-03-14,22723.719,66781.0,301.836,4.11633838374488,3.5,4.65,589560.0,3.66
2023-03-15,22723.719,66781.0,301.836,4.11633838374488,3.5,4.65,589560.0,3.66
2023-03-16,22723.719,66781.0,301.836,4.11633838374488,3.5,4.65,589560.0,3.66
2023-03-17,22723.719,66781.0,301.836,4.11633838374488,3.5,4.65,589560.0,3.66
2023-03-18,22723.719,66781.0,301.836,4.11633838374488,3.5,4.65,589560.0,3.66
2023-03-19,22723.719,66781.0,301.836,4.11633838374488,3.5,4.65,589560.0,3.66
2023-03-20,22723.719,66781.0,301.836,4.11633838374488,3.5,4.65,589560.0,3.66
2023-03-21,22723.719,66781.0,301.836,4.11633838374488,3.5,4.65,589560.0,3.66
2023-03-22,22723.719,66781.0,301.836,4.11633838374488,3.5,4.65,589560.0,3.66
2023-03-23,22723.719,66781.0,301.836,4.11633838374488,3.5,4.65,589560.0,3.66
2023-03-24,22723.719,66781.0,301.836,4.11633838374488,3.5,4.65,589560.0,3.66
2023-03-25,22723.719,66781.0,301.836,4.11633838374488,3.5,4.65,589560.0,3.66
2023-03-26,22723.719,66781.0,301.836,4.11633838374488,3.5,4.65,589560.0,3.66
2023-03-27,22723.719,66781.0,301.836,4.11633838374488,3.5,4.65,589560.0,3.66
2023-03-28,22723.719,66781.0,301.836,4.11633838374488,3.5,4.65,589560.0,3.66
2023-03-29,22723.719,66781.0,301.836,4.11633838374488,3.5,4.65,589560.0,3.66
2023-03-30,22723.719,66781.0,301.836,4.11633838374488,3.5,4.65,589560.0,3.66
2023-03-31,22723.719,66781.0,301.836,4.11633838374488,3.5,4.65,589560.0,3.66
2023-04-01,22723.719,67067.0,303.363,4.11633838374488,3.4,4.83,574331.0,3.46
2023-04-02,22723.719,67067.0,303.363,4.11633838374488,3.4,4.83,574331.0,3.46
2023-04-03,22723.719,67067.0,303.363,4.11633838374488,3.4,4.83,574331.0,3.46
2023-04-04,22723.719,67067.0,303.363,4.11633838374488,3.4,4.83,574331.0,3.46
2023-04-05,22723.719,67067.0,303.363,4.11633838374488,3.4,4.83,574331.0,3.46
2023-04-06,22723.719,67067.0,303.363,4.11633838374488,3.4,4.83,574331.0,3.46
2023-04-07,22723.719,67067.0,303.363,4.11633838374488,3.4,4.83,574331.0,3.46
2023-04-08,22723.719,67067.0,303.363,4.11633838374488,3.4,4.83,574331.0,3.46
2023-04-09,22723.719,67067.0,303.363,4.11633838374488,3.4,4.83,574331.0,3.46
2023-04-10,22723.719,67067.0,303.363,4.11633838374488,3.4,4.83,574331.0,3.46
2023-04-11,22723.719,67067.0,303.363,4.11633838374488,3.4,4.83,574331.0,3.46
2023-04-12,22723.719,67067.0,303.363,4.11633838374488,3.4,4.83,574331.0,3.46
2023-04-13,22723.719,67067.0,303.363,4.11633838374488,3.4,4.83,574331.0,3.46
2023-04-14,22723.719,67067.0,303.363,4.11633838374488,3.4,4.83,574331.0,3.46
2023-04-15,22723.719,67067.0,303.363,4.11633838374488,3.4,4.83,574331.0,3.46
2023-04-16,22723.719,67067.0,303.363,4.11633838374488,3.4,4.83,574331.0,3.46
2023-04-17,22723.719,67067.0,303.363,4.11633838374488,3.4,4.83,574331.0,3.46
2023-04-18,22723.719,67067.0,303.363,4.11633838374488,3.4,4.83,574331.0,3.46
2023-04-19,22723.719,67067.0,303.363,4.11633838374488,3.4,4.83,574331.0,3.46
2023-04-20,22723.719,67067.0,303.363,4.11633838374488,3.4,4.83,574331.0,3.46
2023-04-21,22723.719,67067.0,303.363,4.11633838374488,3.4,4.83,574331.0,3.46
2023-04-22,22723.719,67067.0,303.363,4.11633838374488,3.4,4.83,574331.0,3.46
2023-04-23,22723.719,67067.0,303.363,4.11633838374488,3.4,4.83,574331.0,3.46
2023-04-24,22723.719,67067.0,303.363,4.11633838374488,3.4,4.83,574331.0,3.46
2023-04-25,22723.719,67067.0,303.363,4.11633838374488,3.4,4.83,574331.0,3.46
2023-04-26,22723.719,67067.0,303.363,4.11633838374488,3.4,4.83,574331.0,3.46
2023-04-27,22723.719,67067.0,303.363,4.11633838374488,3.4,4.83,574331.0,3.46
2023-04-28,22723.719,67067.0,303.363,4.11633838374488,3.4,4.83,574331.0,3.46
2023-04-29,22723.719,67067.0,303.363,4.11633838374488,3.4,4.83,574331.0,3.46
2023-04-30,22723.719,67067.0,303.363,4.11633838374488,3.4,4.83,574331.0,3.46
2023-05-01,22723.719,67067.0,304.127,4.11633838374488,3.6,5.06,615939.0,3.57
2023-05-02,22723.719,67067.0,304.127,4.11633838374488,3.6,5.06,615939.0,3.57
2023-05-03,22723.719,67067.0,304.127,4.11633838374488,3.6,5.06,615939.0,3.57
2023-05-04,22723.719,67067.0,304.127,4.11633838374488,3.6,5.06,615939.0,3.57
2023-05-05,22723.719,67067.0,304.127,4.11633838374488,3.6,5.06,615939.0,3.57
2023-05-06,22723.719,67067.0,304.127,4.11633838374488,3.6,5.06,615939.0,3.57
2023-05-07,22723.719,67067.0,304.127,4.11633838374488,3.6,5.06,615939.0,3.57
2023-05-08,22723.719,67067.0,304.127,4.11633838374488,3.6,5.06,615939.0,3.57
2023-05-09,22723.719,67067.0,304.127,4.11633838374488,3.6,5.06,615939.0,3.57
2023-05-10,22723.719,67067.0,304.127,4.11633838374488,3.6,5.06,615939.0,3.57
2023-05-11,22723.719,67067.0,304.127,4.11633838374488,3.6,5.06,615939.0,3.57
2023-05-12,22723.719,67067.0,304.127,4.11633838374488,3.6,5.06,615939.0,3.57
2023-05-13,22723.719,67067.0,304.127,4.11633838374488,3.6,5.06,615939.0,3.57
2023-05-14,22723.719,67067.0,304.127,4.11633838374488,3.6,5.06,615939.0,3.57
2023-05-15,22723.719,67067.0,304.127,4.11633838374488,3.6,5.06,615939.0,3.57
2023-05-16,22723.719,67067.0,304.127,4.11633838374488,3.6,5.06,615939.0,3.57
2023-05-17,22723.719,67067.0,304.127,4.11633838374488,3.6,5.06,615939.0,3.57
2023-05-18,22723.719,67067.0,304.127,4.11633838374488,3.6,5.06,615939.0,3.57
2023-05-19,22723.719,67067.0,304.127,4.11633838374488,3.6,5.06,615939.0,3.57
2023-05-20,22723.719,67067.0,304.127,4.11633838374488,3.6,5.06,615939.0,3.57
2023-05-21,22723.719,67067.0,304.127,4.11633838374488,3.6,5.06,615939.0,3.57
2023-05-22,22723.719,67067.0,304.127,4.11633838374488,3.6,5.06,615939.0,3.57
2023-05-23,22723.719,67067.0,304.127,4.11633838374488,3.6,5.06,615939.0,3.57
2023-05-24,22723.719,67067.0,304.127,4.11633838374488,3.6,5.06,615939.0,3.57
2023-05-25,22723.719,67067.0,304.127,4.11633838374488,3.6,5.06,615939.0,3.57
2023-05-26,22723.719,67067.0,304.127,4.11633838374488,3.6,5.06,615939.0,3.57
2023-05-27,22723.719,67067.0,304.127,4.11633838374488,3.6,5.06,615939.0,3.57
2023-05-28,22723.719,67067.0,304.127,4.11633838374488,3.6,5.06,615939.0,3.57
2023-05-29,22723.719,67067.0,304.127,4.11633838374488,3.6,5.06,615939.0,3.57
2023-05-30,22723.719,67067.0,304.127,4.11633838374488,3.6,5.06,615939.0,3.57
2023-05-31,22723.719,67067.0,304.127,4.11633838374488,3.6,5.06,615939.0,3.57
2023-06-01,22723.719,67067.0,305.109,4.11633838374488,3.6,5.08,597476.0,3.75
2023-06-02,22723.719,67067.0,305.109,4.11633838374488,3.6,5.08,597476.0,3.75
2023-06-03,22723.719,67067.0,305.109,4.11633838374488,3.6,5.08,597476.0,3.75
2023-06-04,22723.719,67067.0,305.109,4.11633838374488,3.6,5.08,597476.0,3.75
2023-06-05,22723.719,67067.0,305.109,4.11633838374488,3.6,5.08,597476.0,3.75
2023-06-06,22723.719,67067.0,305.109,4.11633838374488,3.6,5.08,597476.0,3.75
2023-06-07,22723.719,67067.0,305.109,4.11633838374488,3.6,5.08,597476.0,3.75
2023-06-08,22723.719,67067.0,305.109,4.11633838374488,3.6,5.08,597476.0,3.75
2023-06-09,22723.719,67067.0,305.109,4.11633838374488,3.6,5.08,597476.0,3.75
2023-06-10,22723.719,67067.0,305.109,4.11633838374488,3.6,5.08,597476.0,3.75
2023-06-11,22723.719,67067.0,305.109,4.11633838374488,3.6,5.08,597476.0,3.75
2023-06-12,22723.719,67067.0,305.109,4.11633838374488,3.6,5.08,597476.0,3.75
2023-06-13,22723.719,67067.0,305.109,4.11633838374488,3.6,5.08,597476.0,3.75
2023-06-14,22723.719,67067.0,305.109,4.11633838374488,3.6,5.08,597476.0,3.75
2023-06-15,22723.719,67067.0,305.109,4.11633838374488,3.6,5.08,597476.0,3.75
2023-06-16,22723.719,67067.0,305.109,4.11633838374488,3.6,5.08,597476.0,3.75
2023-06-17,22723.719,67067.0,305.109,4.11633838374488,3.6,5.08,597476.0,3.75
2023-06-18,22723.719,67067.0,305.109,4.11633838374488,3.6,5.08,597476.0,3.75
2023-06-19,22723.719,67067.0,305.109,4.11633838374488,3.6,5.08,597476.0,3.75
2023-06-20,22723.719,67067.0,305.109,4.11633838374488,3.6,5.08,597476.0,3.75
2023-06-21,22723.719,67067.0,305.109,4.11633838374488,3.6,5.08,597476.0,3.75
2023-06-22,22723.719,67067.0,305.109,4.11633838374488,3.6,5.08,597476.0,3.75
2023-06-23,22723.719,67067.0,305.109,4.11633838374488,3.6,5.08,597476.0,3.75
2023-06-24,22723.719,67067.0,305.109,4.11633838374488,3.6,5.08,597476.0,3.75
2023-06-25,22723.719,67067.0,305.109,4.11633838374488,3.6,5.08,597476.0,3.75
2023-06-26,22723.719,67067.0,305.109,4.11633838374488,3.6,5.08,597476.0,3.75
2023-06-27,22723.719,67067.0,305.109,4.11633838374488,3.6,5.08,597476.0,3.75
2023-06-28,22723.719,67067.0,305.109,4.11633838374488,3.6,5.08,597476.0,3.75
2023-06-29,22723.719,67067.0,305.109,4.11633838374488,3.6,5.08,597476.0,3.75
2023-06-30,22723.719,67067.0,305.109,4.11633838374488,3.6,5.08,597476.0,3.75
2023-07-01,22723.719,67677.0,305.691,4.11633838374488,3.5,5.12,591150.0,3.9
2023-07-02,22723.719,67677.0,305.691,4.11633838374488,3.5,5.12,591150.0,3.9
2023-07-03,22723.719,67677.0,305.691,4.11633838374488,3.5,5.12,591150.0,3.9
2023-07-04,22723.719,67677.0,305.691,4.11633838374488,3.5,5.12,591150.0,3.9
2023-07-05,22723.719,67677.0,305.691,4.11633838374488,3.5,5.12,591150.0,3.9
2023-07-06,22723.719,67677.0,305.691,4.11633838374488,3.5,5.12,591150.0,3.9
2023-07-07,22723.719,67677.0,305.691,4.11633838374488,3.5,5.12,591150.0,3.9
2023-07-08,22723.719,67677.0,305.691,4.11633838374488,3.5,5.12,591150.0,3.9
2023-07-09,22723.719,67677.0,305.691,4.11633838374488,3.5,5.12,591150.0,3.9
2023-07-10,22723.719,67677.0,305.691,4.11633838374488,3.5,5.12,591150.0,3.9
2023-07-11,22723.719,67677.0,305.691,4.11633838374488,3.5,5.12,591150.0,3.9
2023-07-12,22723.719,67677.0,305.691,4.11633838374488,3.5,5.12,591150.0,3.9
2023-07-13,22723.719,67677.0,305.691,4.11633838374488,3.5,5.12,591150.0,3.9
2023-07-14,22723.719,67677.0,305.691,4.11633838374488,3.5,5.12,591150.0,3.9
2023-07-15,22723.719,67677.0,305.691,4.11633838374488,3.5,5.12,591150.0,3.9
2023-07-16,22723.719,67677.0,305.691,4.11633838374488,3.5,5.12,591150.0,3.9
2023-07-17,22723.719,67677.0,305.691,4.11633838374488,3.5,5.12,591150.0,3.9
2023-07-18,22723.719,67677.0,305.691,4.11633838374488,3.5,5.12,591150.0,3.9
2023-07-19,22723.719,67677.0,305.691,4.11633838374488,3.5,5.12,591150.0,3.9
2023-07-20,22723.719,67677.0,305.691,4.11633838374488,3.5,5.12,591150.0,3.9
2023-07-21,22723.719,67677.0,305.691,4.11633838374488,3.5,5.12,591150.0,3.9
2023-07-22,22723.719,67677.0,305.691,4.11633838374488,3.5,5.12,591150.0,3.9
2023-07-23,22723.719,67677.0,305.691,4.11633838374488,3.5,5.12,591150.0,3.9
2023-07-24,22723.719,67677.0,305.691,4.11633838374488,3.5,5.12,591150.0,3.9
2023-07-25,22723.719,67677.0,305.691,4.11633838374488,3.5,5.12,591150.0,3.9
2023-07-26,22723.719,67677.0,305.691,4.11633838374488,3.5,5.12,591150.0,3.9
2023-07-27,22723.719,67677.0,305.691,4.11633838374488,3.5,5.12,591150.0,3.9
2023-07-28,22723.719,67677.0,305.691,4.11633838374488,3.5,5.12,591150.0,3.9
2023-07-29,22723.719,67677.0,305.691,4.11633838374488,3.5,5.12,591150.0,3.9
2023-07-30,22723.719,67677.0,305.691,4.11633838374488,3.5,5.12,591150.0,3.9
2023-07-31,22723.719,67677.0,305.691,4.11633838374488,3.5,5.12,591150.0,3.9
2023-08-01,22723.719,67677.0,307.026,4.11633838374488,3.7,5.33,613511.0,4.17
2023-08-02,22723.719,67677.0,307.026,4.11633838374488,3.7,5.33,613511.0,4.17
2023-08-03,22723.719,67677.0,307.026,4.11633838374488,3.7,5.33,613511.0,4.17
2023-08-04,22723.719,67677.0,307.026,4.11633838374488,3.7,5.33,613511.0,4.17
2023-08-05,22723.719,67677.0,307.026,4.11633838374488,3.7,5.33,613511.0,4.17
2023-08-06,22723.719,67677.0,307.026,4.11633838374488,3.7,5.33,613511.0,4.17
2023-08-07,22723.719,67677.0,307.026,4.11633838374488,3.7,5.33,613511.0,4.17
2023-08-08,22723.719,67677.0,307.026,4.11633838374488,3.7,5.33,613511.0,4.17
2023-08-09,22723.719,67677.0,307.026,4.11633838374488,3.7,5.33,613511.0,4.17
2023-08-10,22723.719,67677.0,307.026,4.11633838374488,3.7,5.33,613511.0,4.17
2023-08-11,22723.719,67677.0,307.026,4.11633838374488,3.7,5.33,613511.0,4.17
2023-08-12,22723.719,67677.0,307.026,4.11633838374488,3.7,5.33,613511.0,4.17
2023-08-13,22723.719,67677.0,307.026,4.11633838374488,3.7,5.33,613511.0,4.17
2023-08-14,22723.719,67677.0,307.026,4.11633838374488,3.7,5.33,613511.0,4.17
2023-08-15,22723.719,67677.0,307.026,4.11633838374488,3.7,5.33,613511.0,4.17
2023-08-16,22723.719,67677.0,307.026,4.11633838374488,3.7,5.33,613511.0,4.17
2023-08-17,22723.719,67677.0,307.026,4.11633838374488,3.7,5.33,613511.0,4.17
2023-08-18,22723.719,67677.0,307.026,4.11633838374488,3.7,5.33,613511.0,4.17
2023-08-19,22723.719,67677.0,307.026,4.11633838374488,3.7,5.33,613511.0,4.17
2023-08-20,22723.719,67677.0,307.026,4.11633838374488,3.7,5.33,613511.0,4.17
2023-08-21,22723.719,67677.0,307.026,4.11633838374488,3.7,5.33,613511.0,4.17
2023-08-22,22723.719,67677.0,307.026,4.11633838374488,3.7,5.33,613511.0,4.17
2023-08-23,22723.719,67677.0,307.026,4.11633838374488,3.7,5.33,613511.0,4.17
2023-08-24,22723.719,67677.0,307.026,4.11633838374488,3.7,5.33,613511.0,4.17
2023-08-25,22723.719,67677.0,307.026,4.11633838374488,3.7,5.33,613511.0,4.17
2023-08-26,22723.719,67677.0,307.026,4.11633838374488,3.7,5.33,613511.0,4.17
2023-08-27,22723.719,67677.0,307.026,4.11633838374488,3.7,5.33,613511.0,4.17
2023-08-28,22723.719,67677.0,307.026,4.11633838374488,3.7,5.33,613511.0,4.17
2023-08-29,22723.719,67677.0,307.026,4.11633838374488,3.7,5.33,613511.0,4.17
2023-08-30,22723.719,67677.0,307.026,4.11633838374488,3.7,5.33,613511.0,4.17
2023-08-31,22723.719,67677.0,307.026,4.11633838374488,3.7,5.33,613511.0,4.17
2023-09-01,22723.719,67677.0,307.789,4.11633838374488,3.8,5.33,579306.0,4.38
2023-09-02,22723.719,67677.0,307.789,4.11633838374488,3.8,5.33,579306.0,4.38
2023-09-03,22723.719,67677.0,307.789,4.11633838374488,3.8,5.33,579306.0,4.38
2023-09-04,22723.719,67677.0,307.789,4.11633838374488,3.8,5.33,579306.0,4.38
2023-09-05,22723.719,67677.0,307.789,4.11633838374488,3.8,5.33,579306.0,4.38
2023-09-06,22723.719,67677.0,307.789,4.11633838374488,3.8,5.33,579306.0,4.38
2023-09-07,22723.719,67677.0,307.789,4.11633838374488,3.8,5.33,579306.0,4.38
2023-09-08,22723.719,67677.0,307.789,4.11633838374488,3.8,5.33,579306.0,4.38
2023-09-09,22723.719,67677.0,307.789,4.11633838374488,3.8,5.33,579306.0,4.38
2023-09-10,22723.719,67677.0,307.789,4.11633838374488,3.8,5.33,579306.0,4.38
2023-09-11,22723.719,67677.0,307.789,4.11633838374488,3.8,5.33,579306.0,4.38
2023-09-12,22723.719,67677.0,307.789,4.11633838374488,3.8,5.33,579306.0,4.38
2023-09-13,22723.719,67677.0,307.789,4.11633838374488,3.8,5.33,579306.0,4.38
2023-09-14,22723.719,67677.0,307.789,4.11633838374488,3.8,5.33,579306.0,4.38
2023-09-15,22723.719,67677.0,307.789,4.11633838374488,3.8,5.33,579306.0,4.38
2023-09-16,22723.719,67677.0,307.789,4.11633838374488,3.8,5.33,579306.0,4.38
2023-09-17,22723.719,67677.0,307.789,4.11633838374488,3.8,5.33,579306.0,4.38
2023-09-18,22723.719,67677.0,307.789,4.11633838374488,3.8,5.33,579306.0,4.38
2023-09-19,22723.719,67677.0,307.789,4.11633838374488,3.8,5.33,579306.0,4.38
2023-09-20,22723.719,67677.0,307.789,4.11633838374488,3.8,5.33,579306.0,4.38
2023-09-21,22723.719,67677.0,307.789,4.11633838374488,3.8,5.33,579306.0,4.38
2023-09-22,22723.719,67677.0,307.789,4.11633838374488,3.8,5.33,579306.0,4.38
2023-09-23,22723.719,67677.0,307.789,4.11633838374488,3.8,5.33,579306.0,4.38
2023-09-24,22723.719,67677.0,307.789,4.11633838374488,3.8,5.33,579306.0,4.38
2023-09-25,22723.719,67677.0,307.789,4.11633838374488,3.8,5.33,579306.0,4.38
2023-09-26,22723.719,67677.0,307.789,4.11633838374488,3.8,5.33,579306.0,4.38
2023-09-27,22723.719,67677.0,307.789,4.11633838374488,3.8,5.33,579306.0,4.38
2023-09-28,22723.719,67677.0,307.789,4.11633838374488,3.8,5.33,579306.0,4.38
2023-09-29,22723.719,67677.0,307.789,4.11633838374488,3.8,5.33,579306.0,4.38
2023-09-30,22723.719,67677.0,307.789,4.11633838374488,3.8,5.33,579306.0,4.38
2023-10-01,22723.719,68075.0,307.671,4.11633838374488,3.9,5.33,594266.0,4.8
2023-10-02,22723.719,68075.0,307.671,4.11633838374488,3.9,5.33,594266.0,4.8
2023-10-03,22723.719,68075.0,307.671,4.11633838374488,3.9,5.33,594266.0,4.8
2023-10-04,22723.719,68075.0,307.671,4.11633838374488,3.9,5.33,594266.0,4.8
2023-10-05,22723.719,68075.0,307.671,4.11633838374488,3.9,5.33,594266.0,4.8
2023-10-06,22723.719,68075.0,307.671,4.11633838374488,3.9,5.33,594266.0,4.8
2023-10-07,22723.719,68075.0,307.671,4.11633838374488,3.9,5.33,594266.0,4.8
2023-10-08,22723.719,68075.0,307.671,4.11633838374488,3.9,5.33,594266.0,4.8
2023-10-09,22723.719,68075.0,307.671,4.11633838374488,3.9,5.33,594266.0,4.8
2023-10-10,22723.719,68075.0,307.671,4.11633838374488,3.9,5.33,594266.0,4.8
2023-10-11,22723.719,68075.0,307.671,4.11633838374488,3.9,5.33,594266.0,4.8
2023-10-12,22723.719,68075.0,307.671,4.11633838374488,3.9,5.33,594266.0,4.8
2023-10-13,22723.719,68075.0,307.671,4.11633838374488,3.9,5.33,594266.0,4.8
2023-10-14,22723.719,68075.0,307.671,4.11633838374488,3.9,5.33,594266.0,4.8
2023-10-15,22723.719,68075.0,307.671,4.11633838374488,3.9,5.33,594266.0,4.8
2023-10-16,22723.719,68075.0,307.671,4.11633838374488,3.9,5.33,594266.0,4.8
2023-10-17,22723.719,68075.0,307.671,4.11633838374488,3.9,5.33,594266.0,4.8
2023-10-18,22723.719,68075.0,307.671,4.11633838374488,3.9,5.33,594266.0,4.8
2023-10-19,22723.719,68075.0,307.671,4.11633838374488,3.9,5.33,594266.0,4.8
2023-10-20,22723.719,68075.0,307.671,4.11633838374488,3.9,5.33,594266.0,4.8
2023-10-21,22723.719,68075.0,307.671,4.11633838374488,3.9,5.33,594266.0,4.8
2023-10-22,22723.719,68075.0,307.671,4.11633838374488,3.9,5.33,594266.0,4.8
2023-10-23,22723.719,68075.0,307.671,4.11633838374488,3.9,5.33,594266.0,4.8
2023-10-24,22723.719,68075.0,307.671,4.11633838374488,3.9,5.33,594266.0,4.8
2023-10-25,22723.719,68075.0,307.671,4.11633838374488,3.9,5.33,594266.0,4.8
2023-10-26,22723.719,68075.0,307.671,4.11633838374488,3.9,5.33,594266.0,4.8
2023-10-27,22723.719,68075.0,307.671,4.11633838374488,3.9,5.33,594266.0,4.8
2023-10-28,22723.719,68075.0,307.671,4.11633838374488,3.9,5.33,594266.0,4.8
2023-10-29,22723.719,68075.0,307.671,4.11633838374488,3.9,5.33,594266.0,4.8
2023-10-30,22723.719,68075.0,307.671,4.11633838374488,3.9,5.33,594266.0,4.8
2023-10-31,22723.719,68075.0,307.671,4.11633838374488,3.9,5.33,594266.0,4.8
2023-11-01,22723.719,68075.0,307.051,4.11633838374488,3.7,5.33,608426.0,4.5
2023-11-02,22723.719,68075.0,307.051,4.11633838374488,3.7,5.33,608426.0,4.5
2023-11-03,22723.719,68075.0,307.051,4.11633838374488,3.7,5.33,608426.0,4.5
2023-11-04,22723.719,68075.0,307.051,4.11633838374488,3.7,5.33,608426.0,4.5
2023-11-05,22723.719,68075.0,307.051,4.11633838374488,3.7,5.33,608426.0,4.5
2023-11-06,22723.719,68075.0,307.051,4.11633838374488,3.7,5.33,608426.0,4.5
2023-11-07,22723.719,68075.0,307.051,4.11633838374488,3.7,5.33,608426.0,4.5
2023-11-08,22723.719,68075.0,307.051,4.11633838374488,3.7,5.33,608426.0,4.5
2023-11-09,22723.719,68075.0,307.051,4.11633838374488,3.7,5.33,608426.0,4.5
2023-11-10,22723.719,68075.0,307.051,4.11633838374488,3.7,5.33,608426.0,4.5
2023-11-11,22723.719,68075.0,307.051,4.11633838374488,3.7,5.33,608426.0,4.5
2023-11-12,22723.719,68075.0,307.051,4.11633838374488,3.7,5.33,608426.0,4.5
2023-11-13,22723.719,68075.0,307.051,4.11633838374488,3.7,5.33,608426.0,4.5
2023-11-14,22723.719,68075.0,307.051,4.11633838374488,3.7,5.33,608426.0,4.5
2023-11-15,22723.719,68075.0,307.051,4.11633838374488,3.7,5.33,608426.0,4.5
2023-11-16,22723.719,68075.0,307.051,4.11633838374488,3.7,5.33,608426.0,4.5
2023-11-17,22723.719,68075.0,307.051,4.11633838374488,3.7,5.33,608426.0,4.5
2023-11-18,22723.719,68075.0,307.051,4.11633838374488,3.7,5.33,608426.0,4.5
2023-11-19,22723.719,68075.0,307.051,4.11633838374488,3.7,5.33,608426.0,4.5
2023-11-20,22723.719,68075.0,307.051,4.11633838374488,3.7,5.33,608426.0,4.5
2023-11-21,22723.719,68075.0,307.051,4.11633838374488,3.7,5.33,608426.0,4.5
2023-11-22,22723.719,68075.0,307.051,4.11633838374488,3.7,5.33,608426.0,4.5
2023-11-23,22723.719,68075.0,307.051,4.11633838374488,3.7,5.33,608426.0,4.5
2023-11-24,22723.719,68075.0,307.051,4.11633838374488,3.7,5.33,608426.0,4.5
2023-11-25,22723.719,68075.0,307.051,4.11633838374488,3.7,5.33,608426.0,4.5
2023-11-26,22723.719,68075.0,307.051,4.11633838374488,3.7,5.33,608426.0,4.5
2023-11-27,22723.719,68075.0,307.051,4.11633838374488,3.7,5.33,608426.0,4.5
2023-11-28,22723.719,68075.0,307.051,4.11633838374488,3.7,5.33,608426.0,4.5
2023-11-29,22723.719,68075.0,307.051,4.11633838374488,3.7,5.33,608426.0,4.5
2023-11-30,22723.719,68075.0,307.051,4.11633838374488,3.7,5.33,608426.0,4.5
2023-12-01,22723.719,68075.0,306.746,4.11633838374488,3.8,5.33,657243.0,4.02
2023-12-02,22723.719,68075.0,306.746,4.11633838374488,3.8,5.33,657243.0,4.02
2023-12-03,22723.719,68075.0,306.746,4.11633838374488,3.8,5.33,657243.0,4.02
2023-12-04,22723.719,68075.0,306.746,4.11633838374488,3.8,5.33,657243.0,4.02
2023-12-05,22723.719,68075.0,306.746,4.11633838374488,3.8,5.33,657243.0,4.02
2023-12-06,22723.719,68075.0,306.746,4.11633838374488,3.8,5.33,657243.0,4.02
2023-12-07,22723.719,68075.0,306.746,4.11633838374488,3.8,5.33,657243.0,4.02
2023-12-08,22723.719,68075.0,306.746,4.11633838374488,3.8,5.33,657243.0,4.02
2023-12-09,22723.719,68075.0,306.746,4.11633838374488,3.8,5.33,657243.0,4.02
2023-12-10,22723.719,68075.0,306.746,4.11633838374488,3.8,5.33,657243.0,4.02
2023-12-11,22723.719,68075.0,306.746,4.11633838374488,3.8,5.33,657243.0,4.02
2023-12-12,22723.719,68075.0,306.746,4.11633838374488,3.8,5.33,657243.0,4.02
2023-12-13,22723.719,68075.0,306.746,4.11633838374488,3.8,5.33,657243.0,4.02
2023-12-14,22723.719,68075.0,306.746,4.11633838374488,3.8,5.33,657243.0,4.02
2023-12-15,22723.719,68075.0,306.746,4.11633838374488,3.8,5.33,657243.0,4.02
2023-12-16,22723.719,68075.0,306.746,4.11633838374488,3.8,5.33,657243.0,4.02
2023-12-17,22723.719,68075.0,306.746,4.11633838374488,3.8,5.33,657243.0,4.02
2023-12-18,22723.719,68075.0,306.746,4.11633838374488,3.8,5.33,657243.0,4.02
2023-12-19,22723.719,68075.0,306.746,4.11633838374488,3.8,5.33,657243.0,4.02
2023-12-20,22723.719,68075.0,306.746,4.11633838374488,3.8,5.33,657243.0,4.02
2023-12-21,22723.719,68075.0,306.746,4.11633838374488,3.8,5.33,657243.0,4.02
2023-12-22,22723.719,68075.0,306.746,4.11633838374488,3.8,5.33,657243.0,4.02
2023-12-23,22723.719,68075.0,306.746,4.11633838374488,3.8,5.33,657243.0,4.02
2023-12-24,22723.719,68075.0,306.746,4.11633838374488,3.8,5.33,657243.0,4.02
2023-12-25,22723.719,68075.0,306.746,4.11633838374488,3.8,5.33,657243.0,4.02
2023-12-26,22723.719,68075.0,306.746,4.11633838374488,3.8,5.33,657243.0,4.02
2023-12-27,22723.719,68075.0,306.746,4.11633838374488,3.8,5.33,657243.0,4.02
2023-12-28,22723.719,68075.0,306.746,4.11633838374488,3.8,5.33,657243.0,4.02
2023-12-29,22723.719,68075.0,306.746,4.11633838374488,3.8,5.33,657243.0,4.02
2023-12-30,22723.719,68075.0,306.746,4.11633838374488,3.8,5.33,657243.0,4.02
2023-12-31,22723.719,68075.0,306.746,4.11633838374488,3.8,5.33,657243.0,4.02
2024-01-01,23358.435,68065.0,308.417,2.94952520485207,3.7,5.33,539834.0,4.06
2024-01-02,,68065.0,308.417,,3.7,5.33,539834.0,4.06
2024-01-03,,68065.0,308.417,,3.7,5.33,539834.0,4.06
2024-01-04,,68065.0,308.417,,3.7,5.33,539834.0,4.06
2024-01-05,,68065.0,308.417,,3.7,5.33,539834.0,4.06
2024-01-06,,68065.0,308.417,,3.7,5.33,539834.0,4.06
2024-01-07,,68065.0,308.417,,3.7,5.33,539834.0,4.06
2024-01-08,,68065.0,308.417,,3.7,5.33,539834.0,4.06
2024-01-09,,68065.0,308.417,,3.7,5.33,539834.0,4.06
2024-01-10,,68065.0,308.417,,3.7,5.33,539834.0,4.06
2024-01-11,,68065.0,308.417,,3.7,5.33,539834.0,4.06
2024-01-12,,68065.0,308.417,,3.7,5.33,539834.0,4.06
2024-01-13,,68065.0,308.417,,3.7,5.33,539834.0,4.06
2024-01-14,,68065.0,308.417,,3.7,5.33,539834.0,4.06
2024-01-15,,68065.0,308.417,,3.7,5.33,539834.0,4.06
2024-01-16,,68065.0,308.417,,3.7,5.33,539834.0,4.06
2024-01-17,,68065.0,308.417,,3.7,5.33,539834.0,4.06
2024-01-18,,68065.0,308.417,,3.7,5.33,539834.0,4.06
2024-01-19,,68065.0,308.417,,3.7,5.33,539834.0,4.06
2024-01-20,,68065.0,308.417,,3.7,5.33,539834.0,4.06
2024-01-21,,68065.0,308.417,,3.7,5.33,539834.0,4.06
2024-01-22,,68065.0,308.417,,3.7,5.33,539834.0,4.06
2024-01-23,,68065.0,308.417,,3.7,5.33,539834.0,4.06
2024-01-24,,68065.0,308.417,,3.7,5.33,539834.0,4.06
2024-01-25,,68065.0,308.417,,3.7,5.33,539834.0,4.06
2024-01-26,,68065.0,308.417,,3.7,5.33,539834.0,4.06
2024-01-27,,68065.0,308.417,,3.7,5.33,539834.0,4.06
2024-01-28,,68065.0,308.417,,3.7,5.33,539834.0,4.06
2024-01-29,,68065.0,308.417,,3.7,5.33,539834.0,4.06
2024-01-30,,68065.0,308.417,,3.7,5.33,539834.0,4.06
2024-01-31,,68065.0,308.417,,3.7,5.33,539834.0,4.06
2024-02-01,,68065.0,310.326,,3.9,5.33,544169.0,4.21
2024-02-02,,68065.0,310.326,,3.9,5.33,544169.0,4.21
2024-02-03,,68065.0,310.326,,3.9,5.33,544169.0,4.21
2024-02-04,,68065.0,310.326,,3.9,5.33,544169.0,4.21
2024-02-05,,68065.0,310.326,,3.9,5.33,544169.0,4.21
2024-02-06,,68065.0,310.326,,3.9,5.33,544169.0,4.21
2024-02-07,,68065.0,310.326,,3.9,5.33,544169.0,4.21
2024-02-08,,68065.0,310.326,,3.9,5.33,544169.0,4.21
2024-02-09,,68065.0,310.326,,3.9,5.33,544169.0,4.21
2024-02-10,,68065.0,310.326,,3.9,5.33,544169.0,4.21
2024-02-11,,68065.0,310.326,,3.9,5.33,544169.0,4.21
2024-02-12,,68065.0,310.326,,3.9,5.33,544169.0,4.21
2024-02-13,,68065.0,310.326,,3.9,5.33,544169.0,4.21
2024-02-14,,68065.0,310.326,,3.9,5.33,544169.0,4.21
2024-02-15,,68065.0,310.326,,3.9,5.33,544169.0,4.21
2024-02-16,,68065.0,310.326,,3.9,5.33,544169.0,4.21
2024-02-17,,68065.0,310.326,,3.9,5.33,544169.0,4.21
2024-02-18,,68065.0,310.326,,3.9,5.33,544169.0,4.21
2024-02-19,,68065.0,310.326,,3.9,5.33,544169.0,4.21
2024-02-20,,68065.0,310.326,,3.9,5.33,544169.0,4.21
2024-02-21,,68065.0,310.326,,3.9,5.33,544169.0,4.21
2024-02-22,,68065.0,310.326,,3.9,5.33,544169.0,4.21
2024-02-23,,68065.0,310.326,,3.9,5.33,544169.0,4.21
2024-02-24,,68065.0,310.326,,3.9,5.33,544169.0,4.21
2024-02-25,,68065.0,310.326,,3.9,5.33,544169.0,4.21
2024-02-26,,68065.0,310.326,,3.9,5.33,544169.0,4.21
2024-02-27,,68065.0,310.326,,3.9,5.33,544169.0,4.21
2024-02-28,,68065.0,310.326,,3.9,5.33,544169.0,4.21
2024-02-29,,68065.0,310.326,,3.9,5.33,544169.0,4.21
2024-03-01,,68065.0,312.332,,3.9,5.33,597695.0,4.21
2024-03-02,,68065.0,312.332,,3.9,5.33,597695.0,4.21
2024-03-03,,68065.0,312.332,,3.9,5.33,597695.0,4.21
2024-03-04,,68065.0,312.332,,3.9,5.33,597695.0,4.21
2024-03-05,,68065.0,312.332,,3.9,5.33,597695.0,4.21
2024-03-06,,68065.0,312.332,,3.9,5.33,597695.0,4.21
2024-03-07,,68065.0,312.332,,3.9,5.33,597695.0,4.21
2024-03-08,,68065.0,312.332,,3.9,5.33,597695.0,4.21
2024-03-09,,68065.0,312.332,,3.9,5.33,597695.0,4.21
2024-03-10,,68065.0,312.332,,3.9,5.33,597695.0,4.21
2024-03-11,,68065.0,312.332,,3.9,5.33,597695.0,4.21
2024-03-12,,68065.0,312.332,,3.9,5.33,597695.0,4.21
2024-03-13,,68065.0,312.332,,3.9,5.33,597695.0,4.21
2024-03-14,,68065.0,312.332,,3.9,5.33,597695.0,4.21
2024-03-15,,68065.0,312.332,,3.9,5.33,597695.0,4.21
2024-03-16,,68065.0,312.332,,3.9,5.33,597695.0,4.21
2024-03-17,,68065.0,312.332,,3.9,5.33,597695.0,4.21
2024-03-18,,68065.0,312.332,,3.9,5.33,597695.0,4.21
2024-03-19,,68065.0,312.332,,3.9,5.33,597695.0,4.21
2024-03-20,,68065.0,312.332,,3.9,5.33,597695.0,4.21
2024-03-21,,68065.0,312.332,,3.9,5.33,597695.0,4.21
2024-03-22,,68065.0,312.332,,3.9,5.33,597695.0,4.21
2024-03-23,,68065.0,312.332,,3.9,5.33,597695.0,4.21
2024-03-24,,68065.0,312.332,,3.9,5.33,597695.0,4.21
2024-03-25,,68065.0,312.332,,3.9,5.33,597695.0,4.21
2024-03-26,,68065.0,312.332,,3.9,5.33,597695.0,4.21
2024-03-27,,68065.0,312.332,,3.9,5.33,597695.0,4.21
2024-03-28,,68065.0,312.332,,3.9,5.33,597695.0,4.21
2024-03-29,,68065.0,312.332,,3.9,5.33,597695.0,4.21
2024-03-30,,68065.0,312.332,,3.9,5.33,597695.0,4.21
2024-03-31,,68065.0,312.332,,3.9,5.33,597695.0,4.21
2024-04-01,,68504.0,313.548,,3.9,5.33,593774.0,4.54
2024-04-02,,68504.0,313.548,,3.9,5.33,593774.0,4.54
2024-04-03,,68504.0,313.548,,3.9,5.33,593774.0,4.54
2024-04-04,,68504.0,313.548,,3.9,5.33,593774.0,4.54
2024-04-05,,68504.0,313.548,,3.9,5.33,593774.0,4.54
2024-04-06,,68504.0,313.548,,3.9,5.33,593774.0,4.54
2024-04-07,,68504.0,313.548,,3.9,5.33,593774.0,4.54
2024-04-08,,68504.0,313.548,,3.9,5.33,593774.0,4.54
2024-04-09,,68504.0,313.548,,3.9,5.33,593774.0,4.54
2024-04-10,,68504.0,313.548,,3.9,5.33,593774.0,4.54
2024-04-11,,68504.0,313.548,,3.9,5.33,593774.0,4.54
2024-04-12,,68504.0,313.548,,3.9,5.33,593774.0,4.54
2024-04-13,,68504.0,313.548,,3.9,5.33,593774.0,4.54
2024-04-14,,68504.0,313.548,,3.9,5.33,593774.0,4.54
2024-04-15,,68504.0,313.548,,3.9,5.33,593774.0,4.54
2024-04-16,,68504.0,313.548,,3.9,5.33,593774.0,4.54
2024-04-17,,68504.0,313.548,,3.9,5.33,593774.0,4.54
2024-04-18,,68504.0,313.548,,3.9,5.33,593774.0,4.54
2024-04-19,,68504.0,313.548,,3.9,5.33,593774.0,4.54
2024-04-20,,68504.0,313.548,,3.9,5.33,593774.0,4.54
2024-04-21,,68504.0,313.548,,3.9,5.33,593774.0,4.54
2024-04-22,,68504.0,313.548,,3.9,5.33,593774.0,4.54
2024-04-23,,68504.0,313.548,,3.9,5.33,593774.0,4.54
2024-04-24,,68504.0,313.548,,3.9,5.33,593774.0,4.54
2024-04-25,,68504.0,313.548,,3.9,5.33,593774.0,4.54
2024-04-26,,68504.0,313.548,,3.9,5.33,593774.0,4.54
2024-04-27,,68504.0,313.548,,3.9,5.33,593774.0,4.54
2024-04-28,,68504.0,313.548,,3.9,5.33,593774.0,4.54
2024-04-29,,68504.0,313.548,,3.9,5.33,593774.0,4.54
2024-04-30,,68504.0,313.548,,3.9,5.33,593774.0,4.54
2024-05-01,,68504.0,314.069,,4.0,5.33,631832.0,4.48
2024-05-02,,68504.0,314.069,,4.0,5.33,631832.0,4.48
2024-05-03,,68504.0,314.069,,4.0,5.33,631832.0,4.48
2024-05-04,,68504.0,314.069,,4.0,5.33,631832.0,4.48
2024-05-05,,68504.0,314.069,,4.0,5.33,631832.0,4.48
2024-05-06,,68504.0,314.069,,4.0,5.33,631832.0,4.48
2024-05-07,,68504.0,314.069,,4.0,5.33,631832.0,4.48
2024-05-08,,68504.0,314.069,,4.0,5.33,631832.0,4.48
2024-05-09,,68504.0,314.069,,4.0,5.33,631832.0,4.48
2024-05-10,,68504.0,314.069,,4.0,5.33,631832.0,4.48
2024-05-11,,68504.0,314.069,,4.0,5.33,631832.0,4.48
2024-05-12,,68504.0,314.069,,4.0,5.33,631832.0,4.48
2024-05-13,,68504.0,314.069,,4.0,5.33,631832.0,4.48
2024-05-14,,68504.0,314.069,,4.0,5.33,631832.0,4.48
2024-05-15,,68504.0,314.069,,4.0,5.33,631832.0,4.48
2024-05-16,,68504.0,314.069,,4.0,5.33,631832.0,4.48
2024-05-17,,68504.0,314.069,,4.0,5.33,631832.0,4.48
2024-05-18,,68504.0,314.069,,4.0,5.33,631832.0,4.48
2024-05-19,,68504.0,314.069,,4.0,5.33,631832.0,4.48
2024-05-20,,68504.0,314.069,,4.0,5.33,631832.0,4.48
2024-05-21,,68504.0,314.069,,4.0,5.33,631832.0,4.48
2024-05-22,,68504.0,314.069,,4.0,5.33,631832.0,4.48
2024-05-23,,68504.0,314.069,,4.0,5.33,631832.0,4.48
2024-05-24,,68504.0,314.069,,4.0,5.33,631832.0,4.48
2024-05-25,,68504.0,314.069,,4.0,5.33,631832.0,4.48
2024-05-26,,68504.0,314.069,,4.0,5.33,631832.0,4.48
2024-05-27,,68504.0,314.069,,4.0,5.33,631832.0,4.48
2024-05-28,,68504.0,314.069,,4.0,5.33,631832.0,4.48
2024-05-29,,68504.0,314.069,,4.0,5.33,631832.0,4.48
2024-05-30,,68504.0,314.069,,4.0,5.33,631832.0,4.48
2024-05-31,,68504.0,314.069,,4.0,5.33,631832.0,4.48
2024-06-01,,68504.0,314.175,,4.1,5.33,592999.0,4.31
2024-06-02,,68504.0,314.175,,4.1,5.33,592999.0,4.31
2024-06-03,,68504.0,314.175,,4.1,5.33,592999.0,4.31
2024-06-04,,68504.0,314.175,,4.1,5.33,592999.0,4.31
2024-06-05,,68504.0,314.175,,4.1,5.33,592999.0,4.31
2024-06-06,,68504.0,314.175,,4.1,5.33,592999.0,4.31
2024-06-07,,68504.0,314.175,,4.1,5.33,592999.0,4.31
2024-06-08,,68504.0,314.175,,4.1,5.33,592999.0,4.31
2024-06-09,,68504.0,314.175,,4.1,5.33,592999.0,4.31
2024-06-10,,68504.0,314.175,,4.1,5.33,592999.0,4.31
2024-06-11,,68504.0,314.175,,4.1,5.33,592999.0,4.31
2024-06-12,,68504.0,314.175,,4.1,5.33,592999.0,4.31
2024-06-13,,68504.0,314.175,,4.1,5.33,592999.0,4.31
2024-06-14,,68504.0,314.175,,4.1,5.33,592999.0,4.31
2024-06-15,,68504.0,314.175,,4.1,5.33,592999.0,4.31
2024-06-16,,68504.0,314.175,,4.1,5.33,592999.0,4.31
2024-06-17,,68504.0,314.175,,4.1,5.33,592999.0,4.31
2024-06-18,,68504.0,314.175,,4.1,5.33,592999.0,4.31
2024-06-19,,68504.0,314.175,,4.1,5.33,592999.0,4.31
2024-06-20,,68504.0,314.175,,4.1,5.33,592999.0,4.31
2024-06-21,,68504.0,314.175,,4.1,5.33,592999.0,4.31
2024-06-22,,68504.0,314.175,,4.1,5.33,592999.0,4.31
2024-06-23,,68504.0,314.175,,4.1,5.33,592999.0,4.31
2024-06-24,,68504.0,314.175,,4.1,5.33,592999.0,4.31
2024-06-25,,68504.0,314.175,,4.1,5.33,592999.0,4.31
2024-06-26,,68504.0,314.175,,4.1,5.33,592999.0,4.31
2024-06-27,,68504.0,314.175,,4.1,5.33,592999.0,4.31
2024-06-28,,68504.0,314.175,,4.1,5.33,592999.0,4.31
2024-06-29,,68504.0,314.175,,4.1,5.33,592999.0,4.31
2024-06-30,,68504.0,314.175,,4.1,5.33,592999.0,4.31
2024-07-01,,68926.0,314.54,,4.2,5.33,618432.0,4.25
2024-07-02,,68926.0,314.54,,4.2,5.33,618432.0,4.25
2024-07-03,,68926.0,314.54,,4.2,5.33,618432.0,4.25
2024-07-04,,68926.0,314.54,,4.2,5.33,618432.0,4.25
2024-07-05,,68926.0,314.54,,4.2,5.33,618432.0,4.25
2024-07-06,,68926.0,314.54,,4.2,5.33,618432.0,4.25
2024-07-07,,68926.0,314.54,,4.2,5.33,618432.0,4.25
2024-07-08,,68926.0,314.54,,4.2,5.33,618432.0,4.25
2024-07-09,,68926.0,314.54,,4.2,5.33,618432.0,4.25
2024-07-10,,68926.0,314.54,,4.2,5.33,618432.0,4.25
2024-07-11,,68926.0,314.54,,4.2,5.33,618432.0,4.25
2024-07-12,,68926.0,314.54,,4.2,5.33,618432.0,4.25
2024-07-13,,68926.0,314.54,,4.2,5.33,618432.0,4.25
2024-07-14,,68926.0,314.54,,4.2,5.33,618432.0,4.25
2024-07-15,,68926.0,314.54,,4.2,5.33,618432.0,4.25
2024-07-16,,68926.0,314.54,,4.2,5.33,618432.0,4.25
2024-07-17,,68926.0,314.54,,4.2,5.33,618432.0,4.25
2024-07-18,,68926.0,314.54,,4.2,5.33,618432.0,4.25
2024-07-19,,68926.0,314.54,,4.2,5.33,618432.0,4.25
2024-07-20,,68926.0,314.54,,4.2,5.33,618432.0,4.25
2024-07-21,,68926.0,314.54,,4.2,5.33,618432.0,4.25
2024-07-22,,68926.0,314.54,,4.2,5.33,618432.0,4.25
2024-07-23,,68926.0,314.54,,4.2,5.33,618432.0,4.25
2024-07-24,,68926.0,314.54,,4.2,5.33,618432.0,4.25
2024-07-25,,68926.0,314.54,,4.2,5.33,618432.0,4.25
2024-07-26,,68926.0,314.54,,4.2,5.33,618432.0,4.25
2024-07-27,,68926.0,314.54,,4.2,5.33,618432.0,4.25
2024-07-28,,68926.0,314.54,,4.2,5.33,618432.0,4.25
2024-07-29,,68926.0,314.54,,4.2,5.33,618432.0,4.25
2024-07-30,,68926.0,314.54,,4.2,5.33,618432.0,4.25
2024-07-31,,68926.0,314.54,,4.2,5.33,618432.0,4.25
2024-08-01,,68926.0,314.796,,4.2,5.33,622421.0,3.87
2024-08-02,,68926.0,314.796,,4.2,5.33,622421.0,3.87
2024-08-03,,68926.0,314.796,,4.2,5.33,622421.0,3.87
2024-08-04,,68926.0,314.796,,4.2,5.33,622421.0,3.87
2024-08-05,,68926.0,314.796,,4.2,5.33,622421.0,3.87
2024-08-06,,68926.0,314.796,,4.2,5.33,622421.0,3.87
2024-08-07,,68926.0,314.796,,4.2,5.33,622421.0,3.87
2024-08-08,,68926.0,314.796,,4.2,5.33,622421.0,3.87
2024-08-09,,68926.0,314.796,,4.2,5.33,622421.0,3.87
2024-08-10,,68926.0,314.796,,4.2,5.33,622421.0,3.87
2024-08-11,,68926.0,314.796,,4.2,5.33,622421.0,3.87
2024-08-12,,68926.0,314.796,,4.2,5.33,622421.0,3.87
2024-08-13,,68926.0,314.796,,4.2,5.33,622421.0,3.87
2024-08-14,,68926.0,314.796,,4.2,5.33,622421.0,3.87
2024-08-15,,68926.0,314.796,,4.2,5.33,622421.0,3.87
2024-08-16,,68926.0,314.796,,4.2,5.33,622421.0,3.87
2024-08-17,,68926.0,314.796,,4.2,5.33,622421.0,3.87
2024-08-18,,68926.0,314.796,,4.2,5.33,622421.0,3.87
2024-08-19,,68926.0,314.796,,4.2,5.33,622421.0,3.87
2024-08-20,,68926.0,314.796,,4.2,5.33,622421.0,3.87
2024-08-21,,68926.0,314.796,,4.2,5.33,622421.0,3.87
2024-08-22,,68926.0,314.796,,4.2,5.33,622421.0,3.87
2024-08-23,,68926.0,314.796,,4.2,5.33,622421.0,3.87
2024-08-24,,68926.0,314.796,,4.2,5.33,622421.0,3.87
2024-08-25,,68926.0,314.796,,4.2,5.33,622421.0,3.87
2024-08-26,,68926.0,314.796,,4.2,5.33,622421.0,3.87
2024-08-27,,68926.0,314.796,,4.2,5.33,622421.0,3.87
2024-08-28,,68926.0,314.796,,4.2,5.33,622421.0,3.87
2024-08-29,,68926.0,314.796,,4.2,5.33,622421.0,3.87
2024-08-30,,68926.0,314.796,,4.2,5.33,622421.0,3.87
2024-08-31,,68926.0,314.796,,4.2,5.33,622421.0,3.87
2024-09-01,,68926.0,315.301,,4.1,5.13,579083.0,3.72
2024-09-02,,68926.0,315.301,,4.1,5.13,579083.0,3.72
2024-09-03,,68926.0,315.301,,4.1,5.13,579083.0,3.72
2024-09-04,,68926.0,315.301,,4.1,5.13,579083.0,3.72
2024-09-05,,68926.0,315.301,,4.1,5.13,579083.0,3.72
2024-09-06,,68926.0,315.301,,4.1,5.13,579083.0,3.72
2024-09-07,,68926.0,315.301,,4.1,5.13,579083.0,3.72
2024-09-08,,68926.0,315.301,,4.1,5.13,579083.0,3.72
2024-09-09,,68926.0,315.301,,4.1,5.13,579083.0,3.72
2024-09-10,,68926.0,315.301,,4.1,5.13,579083.0,3.72
2024-09-11,,68926.0,315.301,,4.1,5.13,579083.0,3.72
2024-09-12,,68926.0,315.301,,4.1,5.13,579083.0,3.72
2024-09-13,,68926.0,315.301,,4.1,5.13,579083.0,3.72
2024-09-14,,68926.0,315.301,,4.1,5.13,579083.0,3.72
2024-09-15,,68926.0,315.301,,4.1,5.13,579083.0,3.72
2024-09-16,,68926.0,315.301,,4.1,5.13,579083.0,3.72
2024-09-17,,68926.0,315.301,,4.1,5.13,579083.0,3.72
2024-09-18,,68926.0,315.301,,4.1,5.13,579083.0,3.72
2024-09-19,,68926.0,315.301,,4.1,5.13,579083.0,3.72
2024-09-20,,68926.0,315.301,,4.1,5.13,579083.0,3.72
2024-09-21,,68926.0,315.301,,4.1,5.13,579083.0,3.72
2024-09-22,,68926.0,315.301,,4.1,5.13,579083.0,3.72
2024-09-23,,68926.0,315.301,,4.1,5.13,579083.0,3.72
2024-09-24,,68926.0,315.301,,4.1,5.13,579083.0,3.72
2024-09-25,,68926.0,315.301,,4.1,5.13,579083.0,3.72
2024-09-26,,68926.0,315.301,,4.1,5.13,579083.0,3.72
2024-09-27,,68926.0,315.301,,4.1,5.13,579083.0,3.72
2024-09-28,,68926.0,315.301,,4.1,5.13,579083.0,3.72
2024-09-29,,68926.0,315.301,,4.1,5.13,579083.0,3.72
2024-09-30,,68926.0,315.301,,4.1,5.13,579083.0,3.72
2024-10-01,,69136.0,315.664,,4.1,4.83,622738.0,4.1
2024-10-02,,69136.0,315.664,,4.1,4.83,622738.0,4.1
2024-10-03,,69136.0,315.664,,4.1,4.83,622738.0,4.1
2024-10-04,,69136.0,315.664,,4.1,4.83,622738.0,4.1
2024-10-05,,69136.0,315.664,,4.1,4.83,622738.0,4.1
2024-10-06,,69136.0,315.664,,4.1,4.83,622738.0,4.1
2024-10-07,,69136.0,315.664,,4.1,4.83,622738.0,4.1
2024-10-08,,69136.0,315.664,,4.1,4.83,622738.0,4.1
2024-10-09,,69136.0,315.664,,4.1,4.83,622738.0,4.1
2024-10-10,,69136.0,315.664,,4.1,4.83,622738.0,4.1
2024-10-11,,69136.0,315.664,,4.1,4.83,622738.0,4.1
2024-10-12,,69136.0,315.664,,4.1,4.83,622738.0,4.1
2024-10-13,,69136.0,315.664,,4.1,4.83,622738.0,4.1
2024-10-14,,69136.0,315.664,,4.1,4.83,622738.0,4.1
2024-10-15,,69136.0,315.664,,4.1,4.83,622738.0,4.1
2024-10-16,,69136.0,315.664,,4.1,4.83,622738.0,4.1
2024-10-17,,69136.0,315.664,,4.1,4.83,622738.0,4.1
2024-10-18,,69136.0,315.664,,4.1,4.83,622738.0,4.1
2024-10-19,,69136.0,315.664,,4.1,4.83,622738.0,4.1
2024-10-20,,69136.0,315.664,,4.1,4.83,622738.0,4.1
2024-10-21,,69136.0,315.664,,4.1,4.83,622738.0,4.1
2024-10-22,,69136.0,315.664,,4.1,4.83,622738.0,4.1
2024-10-23,,69136.0,315.664,,4.1,4.83,622738.0,4.1
2024-10-24,,69136.0,315.664,,4.1,4.83,622738.0,4.1
2024-10-25,,69136.0,315.664,,4.1,4.83,622738.0,4.1
2024-10-26,,69136.0,315.664,,4.1,4.83,622738.0,4.1
2024-10-27,,69136.0,315.664,,4.1,4.83,622738.0,4.1
2024-10-28,,69136.0,315.664,,4.1,4.83,622738.0,4.1
2024-10-29,,69136.0,315.664,,4.1,4.83,622738.0,4.1
2024-10-30,,69136.0,315.664,,4.1,4.83,622738.0,4.1
2024-10-31,,69136.0,315.664,,4.1,4.83,622738.0,4.1
2024-11-01,,69136.0,315.493,,4.2,4.64,630399.0,4.36
2024-11-02,,69136.0,315.493,,4.2,4.64,630399.0,4.36
2024-11-03,,69136.0,315.493,,4.2,4.64,630399.0,4.36
2024-11-04,,69136.0,315.493,,4.2,4.64,630399.0,4.36
2024-11-05,,69136.0,315.493,,4.2,4.64,630399.0,4.36
2024-11-06,,69136.0,315.493,,4.2,4.64,630399.0,4.36
2024-11-07,,69136.0,315.493,,4.2,4.64,630399.0,4.36
2024-11-08,,69136.0,315.493,,4.2,4.64,630399.0,4.36
2024-11-09,,69136.0,315.493,,4.2,4.64,630399.0,4.36
2024-11-10,,69136.0,315.493,,4.2,4.64,630399.0,4.36
2024-11-11,,69136.0,315.493,,4.2,4.64,630399.0,4.36
2024-11-12,,69136.0,315.493,,4.2,4.64,630399.0,4.36
2024-11-13,,69136.0,315.493,,4.2,4.64,630399.0,4.36
2024-11-14,,69136.0,315.493,,4.2,4.64,630399.0,4.36
2024-11-15,,69136.0,315.493,,4.2,4.64,630399.0,4.36
2024-11-16,,69136.0,315.493,,4.2,4.64,630399.0,4.36
2024-11-17,,69136.0,315.493,,4.2,4.64,630399.0,4.36
2024-11-18,,69136.0,315.493,,4.2,4.64,630399.0,4.36
2024-11-19,,69136.0,315.493,,4.2,4.64,630399.0,4.36
2024-11-20,,69136.0,315.493,,4.2,4.64,630399.0,4.36
2024-11-21,,69136.0,315.493,,4.2,4.64,630399.0,4.36
2024-11-22,,69136.0,315.493,,4.2,4.64,630399.0,4.36
2024-11-23,,69136.0,315.493,,4.2,4.64,630399.0,4.36
2024-11-24,,69136.0,315.493,,4.2,4.64,630399.0,4.36
2024-11-25,,69136.0,315.493,,4.2,4.64,630399.0,4.36
2024-11-26,,69136.0,315.493,,4.2,4.64,630399.0,4.36
2024-11-27,,69136.0,315.493,,4.2,4.64,630399.0,4.36
2024-11-28,,69136.0,315.493,,4.2,4.64,630399.0,4.36
2024-11-29,,69136.0,315.493,,4.2,4.64,630399.0,4.36
2024-11-30,,69136.0,315.493,,4.2,4.64,630399.0,4.36
2024-12-01,,69136.0,315.605,,4.1,4.48,691312.0,4.39
2024-12-02,,69136.0,315.605,,4.1,4.48,691312.0,4.39
2024-12-03,,69136.0,315.605,,4.1,4.48,691312.0,4.39
2024-12-04,,69136.0,315.605,,4.1,4.48,691312.0,4.39
2024-12-05,,69136.0,315.605,,4.1,4.48,691312.0,4.39
2024-12-06,,69136.0,315.605,,4.1,4.48,691312.0,4.39
2024-12-07,,69136.0,315.605,,4.1,4.48,691312.0,4.39
2024-12-08,,69136.0,315.605,,4.1,4.48,691312.0,4.39
2024-12-09,,69136.0,315.605,,4.1,4.48,691312.0,4.39
2024-12-10,,69136.0,315.605,,4.1,4.48,691312.0,4.39
2024-12-11,,69136.0,315.605,,4.1,4.48,691312.0,4.39
2024-12-12,,69136.0,315.605,,4.1,4.48,691312.0,4.39
2024-12-13,,69136.0,315.605,,4.1,4.48,691312.0,4.39
2024-12-14,,69136.0,315.605,,4.1,4.48,691312.0,4.39
2024-12-15,,69136.0,315.605,,4.1,4.48,691312.0,4.39
2024-12-16,,69136.0,315.605,,4.1,4.48,691312.0,4.39
2024-12-17,,69136.0,315.605,,4.1,4.48,691312.0,4.39
2024-12-18,,69136.0,315.605,,4.1,4.48,691312.0,4.39
2024-12-19,,69136.0,315.605,,4.1,4.48,691312.0,4.39
2024-12-20,,69136.0,315.605,,4.1,4.48,691312.0,4.39
2024-12-21,,69136.0,315.605,,4.1,4.48,691312.0,4.39
2024-12-22,,69136.0,315.605,,4.1,4.48,691312.0,4.39
2024-12-23,,69136.0,315.605,,4.1,4.48,691312.0,4.39
2024-12-24,,69136.0,315.605,,4.1,4.48,691312.0,4.39
2024-12-25,,69136.0,315.605,,4.1,4.48,691312.0,4.39
2024-12-26,,69136.0,315.605,,4.1,4.48,691312.0,4.39
2024-12-27,,69136.0,315.605,,4.1,4.48,691312.0,4.39
2024-12-28,,69136.0,315.605,,4.1,4.48,691312.0,4.39
2024-12-29,,69136.0,315.605,,4.1,4.48,691312.0,4.39
2024-12-30,,69136.0,315.605,,4.1,4.48,691312.0,4.39
2024-12-31,,69136.0,315.605,,4.1,4.48,691312.0,4.39
