date,open,high,low,close,adjusted_close,volume,dividend_amount,split_coefficient
2022-01-03,177.83,182.88,177.71,182.01,178.288644786903,104701220,0.0,1.0
2022-01-04,182.63,182.94,179.12,179.7,176.025874777246,99310438,0.0,1.0
2022-01-05,179.61,180.17,174.64,174.92,171.343606099253,94537602,0.0,1.0
2022-01-06,172.7,175.3,171.64,172.0,168.483308078388,96903955,0.0,1.0
2022-01-07,172.89,174.14,171.03,172.17,168.649832278233,86709147,0.0,1.0
2022-01-10,169.08,172.5,168.17,172.19,168.669423360567,106765552,0.0,1.0
2022-01-11,172.32,175.18,170.82,175.08,171.500334757931,75937685,0.0,1.0
2022-01-12,176.12,177.18,174.82,175.53,171.941134110462,74805173,0.0,1.0
2022-01-13,175.78,176.62,171.79,172.19,168.669423360567,84505760,0.0,1.0
2022-01-14,171.34,173.78,171.09,173.07,169.531430983294,80440780,0.0,1.0
2022-01-18,171.51,172.54,169.405,169.8,166.328289021571,90500236,0.0,1.0
2022-01-19,170.0,171.08,165.94,166.23,162.831280824828,92914792,0.0,1.0
2022-01-20,166.98,169.68,164.18,164.51,161.146447744044,91420515,0.0,1.0
2022-01-21,164.415,166.33,162.3,162.41,159.089384098901,122848858,0.0,1.0
2022-01-24,160.02,162.3,154.7,161.62,158.31553634668,162706686,0.0,1.0
2022-01-25,158.98,162.76,157.02,159.78,156.513156771888,115798367,0.0,1.0
2022-01-26,163.5,164.3894,157.82,159.69,156.424996901382,108275308,0.0,1.0
2022-01-27,162.45,163.84,158.28,159.22,155.964606466517,121954638,0.0,1.0
2022-01-28,165.71,170.35,162.8,170.33,166.847452703441,179935660,0.0,1.0
2022-01-31,170.16,175.0,169.51,174.78,171.20646852291,115541590,0.0,1.0
2022-02-01,174.01,174.84,172.31,174.61,171.039944323066,86213911,0.0,1.0
2022-02-02,174.745,175.88,173.33,175.84,172.244795886649,84914256,0.0,1.0
2022-02-03,174.48,176.2399,172.12,172.9,169.364906783449,89418074,0.0,1.0
2022-02-04,171.68,174.1,170.68,172.39,169.080836089596,82465400,0.22,1.0
2022-02-07,172.86,173.9458,170.95,171.66,168.364849023377,77251204,0.0,1.0
2022-02-08,171.73,175.35,171.43,174.83,171.473998338326,74829217,0.0,1.0
2022-02-09,176.05,176.65,174.9,176.28,172.89616442876,71285038,0.0,1.0
2022-02-10,174.14,175.48,171.55,172.12,168.816018955515,90865899,0.0,1.0
2022-02-11,172.33,173.08,168.04,168.64,165.402820338474,98670687,0.0,1.0
2022-02-14,167.37,169.58,166.56,168.88,165.638213346545,86185530,0.0,1.0
2022-02-15,170.97,172.95,170.25,172.79,169.473157769716,64286320,0.0,1.0
2022-02-16,171.85,173.34,170.05,172.55,169.237764761644,61177398,0.0,1.0
2022-02-17,171.03,171.91,168.47,168.88,165.638213346545,69589344,0.0,1.0
2022-02-18,169.82,170.5413,166.19,167.3,164.088542710072,82772674,0.0,1.0
2022-02-22,164.98,166.69,162.15,164.32,161.165746193181,90457637,0.0,1.0
2022-02-23,165.54,166.15,159.75,160.07,156.997328341909,90009247,0.0,1.0
2022-02-24,152.58,162.85,152.0,162.74,159.616075556708,141147540,0.0,1.0
2022-02-25,163.84,165.12,160.8738,164.85,161.685572419339,91974222,0.0,1.0
2022-02-28,163.06,165.42,162.43,165.12,161.95038955342,95056629,0.0,1.0
2022-03-01,164.695,166.6,161.97,163.2,160.067245488845,83474425,0.0,1.0
2022-03-02,164.39,167.36,162.95,166.56,163.362747601851,79724750,0.0,1.0
2022-03-03,168.47,168.91,165.55,166.23,163.039082215752,76678441,0.0,1.0
2022-03-04,164.49,165.55,162.1,163.17,160.037821362836,83819592,0.0,1.0
2022-03-07,163.36,165.02,159.04,159.3,156.242109107678,96418845,0.0,1.0
2022-03-08,158.82,162.88,155.8,157.44,154.417813295121,131148280,0.0,1.0
2022-03-09,161.475,163.41,159.41,162.95,159.82204443877,91454905,0.0,1.0
2022-03-10,160.2,160.39,155.98,158.52,155.477081831445,105342033,0.0,1.0
2022-03-11,158.93,159.28,154.5,154.73,151.75983391231,96970102,0.0,1.0
2022-03-14,151.45,154.12,150.1,150.62,147.72872864908,108732111,0.0,1.0
2022-03-15,150.9,155.57,150.38,155.09,152.112923424418,92964302,0.0,1.0
2022-03-16,157.05,160.0,154.46,159.59,156.526542325765,102300157,0.0,1.0
2022-03-17,158.61,161.0,157.63,160.62,157.536770652073,75615376,0.0,1.0
2022-03-18,160.51,164.48,159.76,163.98,160.832272765079,122055535,0.0,1.0
2022-03-21,163.51,166.35,163.015,165.38,162.205398645498,89029269,0.0,1.0
2022-03-22,165.51,169.42,164.91,168.82,165.579365094527,80979755,0.0,1.0
2022-03-23,167.99,172.64,167.65,170.21,166.942682932943,98062674,0.0,1.0
2022-03-24,171.06,174.14,170.21,174.07,170.728587146099,90131418,0.0,1.0
2022-03-25,173.88,175.28,172.75,174.72,171.366109876293,80281664,0.0,1.0
2022-03-28,172.17,175.73,172.0,175.6,172.229217572557,90371916,0.0,1.0
2022-03-29,176.69,179.01,176.34,178.96,175.524719685562,100589440,0.0,1.0
2022-03-30,178.55,179.61,176.7,177.77,174.357562687206,92633154,0.0,1.0
2022-03-31,177.84,178.03,174.4,174.61,171.25822141426,103049285,0.0,1.0
2022-04-01,174.03,174.88,171.94,174.31,170.963980154171,78751328,0.0,1.0
2022-04-04,174.57,178.49,174.44,178.44,175.014701501407,76545983,0.0,1.0
2022-04-05,177.5,178.3,174.415,175.06,171.699583304395,70902999,0.0,1.0
2022-04-06,172.36,173.63,170.13,171.83,168.531585737428,89058782,0.0,1.0
2022-04-07,171.16,173.36,169.85,172.14,168.835635039521,77594650,0.0,1.0
2022-04-08,171.78,171.78,169.2,170.09,166.824986428907,76575508,0.0,1.0
2022-04-11,168.71,169.03,165.5,165.75,162.568296199609,72246706,0.0,1.0
2022-04-12,168.02,169.87,166.64,167.66,164.44163222218,79265181,0.0,1.0
2022-04-13,167.39,171.04,166.77,170.4,167.129035731,70618925,0.0,1.0
2022-04-14,170.62,171.27,165.04,165.29,162.117126267471,75329376,0.0,1.0
2022-04-18,163.92,166.5984,163.57,165.07,161.901349343405,69023941,0.0,1.0
2022-04-19,165.02,167.82,163.91,167.4,164.186623130102,67723833,0.0,1.0
2022-04-20,168.76,168.88,166.1,167.23,164.019886416051,67718110,0.0,1.0
2022-04-21,168.91,171.53,165.91,166.42,163.225435013809,87227768,0.0,1.0
2022-04-22,166.46,167.8699,161.5,161.79,158.684311566423,84882424,0.0,1.0
2022-04-25,161.12,163.17,158.46,162.88,159.75338814475,96046376,0.0,1.0
2022-04-26,162.25,162.34,156.72,156.8,153.79009860693,94008394,0.0,1.0
2022-04-27,155.91,159.79,155.38,156.57,153.564513640861,88063191,0.0,1.0
2022-04-28,159.25,164.515,158.93,163.64,160.498799336977,130216792,0.0,1.0
2022-04-29,161.84,166.2,157.25,157.65,154.623782177184,131747571,0.0,1.0
2022-05-02,156.71,158.23,153.27,157.96,154.927831479277,123055265,0.0,1.0
2022-05-03,158.15,160.71,156.32,159.48,156.418653863732,88966526,0.0,1.0
2022-05-04,159.67,166.48,159.26,166.02,162.833113333689,107521649,0.0,1.0
2022-05-05,163.85,164.08,154.95,156.77,153.760674480921,130525275,0.0,1.0
2022-05-06,156.01,159.44,154.18,157.28,154.486469589142,116124647,0.23,1.0
2022-05-09,154.925,155.83,151.49,152.06,149.359184675261,131577921,0.0,1.0
2022-05-10,155.52,156.74,152.93,154.51,151.765668973922,115366736,0.0,1.0
2022-05-11,153.5,155.45,145.81,146.5,143.897938675034,142689825,0.0,1.0
2022-05-12,142.77,146.2,138.8,142.56,140.027919027391,182602041,0.0,1.0
2022-05-13,144.59,148.105,143.11,147.11,144.497104153476,113990852,0.0,1.0
2022-05-16,145.55,147.5199,144.18,145.54,142.954989725355,86643781,0.0,1.0
2022-05-17,148.86,149.77,146.68,149.24,146.589272135577,78336254,0.0,1.0
2022-05-18,146.85,147.3601,139.9,140.82,138.318824056098,109742890,0.0,1.0
2022-05-19,139.88,141.66,136.6,137.35,134.910456498402,136095640,0.0,1.0
2022-05-20,139.09,140.7,132.61,137.59,135.146193735822,137426125,0.0,1.0
2022-05-23,137.79,143.26,137.65,143.11,140.568150196479,117726265,0.0,1.0
2022-05-24,140.805,141.97,137.33,140.36,137.866994351043,104132746,0.0,1.0
2022-05-25,138.43,141.785,138.34,140.52,138.024152509323,92482696,0.0,1.0
2022-05-26,137.39,144.34,137.14,143.78,141.226249984276,90601548,0.0,1.0
2022-05-27,145.39,149.68,145.26,149.64,146.982167531277,90978503,0.0,1.0
2022-05-31,149.07,150.66,146.84,148.84,146.196376739878,103718416,0.0,1.0
2022-06-01,149.9,151.74,147.68,148.71,146.068685736275,74286635,0.0,1.0
2022-06-02,147.83,151.27,146.86,151.21,148.524281959399,72348055,0.0,1.0
2022-06-03,146.9,147.97,144.46,145.38,142.797831567075,88570289,0.0,1.0
2022-06-06,147.03,148.5689,144.9,146.14,143.544332818904,71598380,0.0,1.0
2022-06-07,144.345,149.0,144.1,148.71,146.068685736275,67808150,0.0,1.0
2022-06-08,148.58,149.8697,147.46,147.96,145.332006869338,53950201,0.0,1.0
2022-06-09,147.08,147.95,142.53,142.64,140.106498106531,69472976,0.0,1.0
2022-06-10,140.28,140.76,137.06,137.13,134.694364030767,91566637,0.0,1.0
2022-06-13,132.87,135.2,131.44,131.88,129.537611962208,122207099,0.0,1.0
2022-06-14,133.13,133.89,131.48,132.76,130.401981832748,84784326,0.0,1.0
2022-06-15,134.29,137.34,132.16,135.43,133.024558599043,91532972,0.0,1.0
2022-06-16,132.08,132.39,129.04,130.06,127.749937911774,107961508,0.0,1.0
2022-06-17,130.065,133.079,129.81,131.56,129.223295645648,134520290,0.0,1.0
2022-06-21,133.42,137.06,133.32,135.87,133.456743534313,81000488,0.0,1.0
2022-06-22,134.79,137.76,133.91,135.35,132.945979519903,73409234,0.0,1.0
2022-06-23,136.82,138.59,135.63,138.27,135.814115908512,72433768,0.0,1.0
2022-06-24,139.9,141.91,139.77,141.66,139.143904387067,89116837,0.0,1.0
2022-06-27,142.695,143.49,140.965,141.66,139.143904387067,70207908,0.0,1.0
2022-06-28,142.13,143.422,137.325,137.44,134.998857962435,67315328,0.0,1.0
2022-06-29,137.46,140.67,136.67,139.23,136.757064858191,66242411,0.0,1.0
2022-06-30,137.25,138.37,133.7737,136.72,134.291646250175,98964467,0.0,1.0
2022-07-01,136.04,139.04,135.66,138.93,136.462393311416,71051552,0.0,1.0
2022-07-05,137.77,141.61,136.93,141.56,139.045680538142,73429641,0.0,1.0
2022-07-06,141.355,144.12,141.08,142.92,140.381524883521,74064254,0.0,1.0
2022-07-07,143.29,146.55,143.28,146.35,143.750602901647,66253709,0.0,1.0
2022-07-08,145.265,147.55,145.0,147.04,144.428347459229,64547798,0.0,1.0
2022-07-11,145.67,146.64,143.78,144.87,142.296889937558,63305113,0.0,1.0
2022-07-12,145.76,148.45,145.05,145.86,143.269306041914,77588759,0.0,1.0
2022-07-13,142.99,146.45,142.1201,145.49,142.905877800892,71185560,0.0,1.0
2022-07-14,144.08,148.95,143.25,148.47,145.832948498855,78140744,0.0,1.0
2022-07-15,149.78,150.86,148.2,150.17,147.502753930579,76259931,0.0,1.0
2022-07-18,150.74,151.57,146.7,147.07,144.457814613906,81420868,0.0,1.0
2022-07-19,147.92,151.23,146.91,151.0,148.318011876656,82982367,0.0,1.0
2022-07-20,151.12,153.72,150.37,153.04,150.321778394725,64823413,0.0,1.0
2022-07-21,154.5,155.57,151.94,155.35,152.590749304891,65086636,0.0,1.0
2022-07-22,155.39,156.28,153.41,154.09,151.353128808437,66675408,0.0,1.0
2022-07-25,154.01,155.04,152.28,152.95,150.233376930692,53623945,0.0,1.0
2022-07-26,152.265,153.085,150.8,151.6,148.907354970206,55138691,0.0,1.0
2022-07-27,152.58,157.33,152.16,156.79,154.00517272941,78620688,0.0,1.0
2022-07-28,156.98,157.64,154.41,157.35,154.55522628339,81378731,0.0,1.0
2022-07-29,161.24,163.63,159.5,162.51,159.623576887917,101786860,0.0,1.0
2022-08-01,161.01,163.59,160.89,161.51,158.641338398667,67829379,0.0,1.0
2022-08-02,160.1,162.41,159.63,160.01,157.167980664793,59907025,0.0,1.0
2022-08-03,160.84,166.59,160.75,166.13,163.179280218999,82507488,0.0,1.0
2022-08-04,166.005,167.19,164.43,165.81,162.86496390244,55474144,0.0,1.0
2022-08-05,163.21,165.85,163.0,165.35,162.639049049912,56696985,0.23,1.0
2022-08-08,166.37,167.81,164.2,164.87,162.166918759353,60362338,0.0,1.0
2022-08-09,164.02,165.82,163.25,164.92,162.216098997953,63135503,0.0,1.0
2022-08-10,167.68,169.34,166.9,169.24,166.465271612985,70170540,0.0,1.0
2022-08-11,170.06,170.99,168.19,168.49,165.727568033987,57149159,0.0,1.0
2022-08-12,169.82,172.17,169.4,172.1,169.2783812609,68039382,0.0,1.0
2022-08-15,171.52,173.39,171.345,173.19,170.350510462378,54091694,0.0,1.0
2022-08-16,172.78,173.71,171.6618,173.03,170.193133698859,56377050,0.0,1.0
2022-08-17,172.77,176.15,172.57,174.55,171.688212952296,79542037,0.0,1.0
2022-08-18,173.75,174.9,173.12,174.15,171.294771043497,62290075,0.0,1.0
2022-08-19,173.03,173.74,171.3101,171.52,168.707890493141,70346295,0.0,1.0
2022-08-22,169.69,169.86,167.135,167.57,164.822651643748,69026809,0.0,1.0
2022-08-23,167.08,168.71,166.65,167.23,164.488226021269,54147079,0.0,1.0
2022-08-24,167.32,168.11,166.245,167.53,164.783307452868,53841524,0.0,1.0
2022-08-25,168.78,170.14,168.35,170.03,167.242319382864,51218209,0.0,1.0
2022-08-26,170.57,171.05,163.56,163.62,160.937412794355,78960980,0.0,1.0
2022-08-29,161.145,162.9,159.82,161.38,158.734138105079,72724452,0.0,1.0
2022-08-30,162.13,162.56,157.72,158.91,156.304634318243,77906197,0.0,1.0
2022-08-31,160.305,160.58,157.14,157.22,154.642342253566,87991091,0.0,1.0
2022-09-01,156.64,158.42,154.67,157.96,155.370209784845,74229896,0.0,1.0
2022-09-02,159.75,160.362,154.965,155.81,153.255459525049,76957768,0.0,1.0
2022-09-06,156.47,157.09,153.69,154.53,151.996445416891,73295539,0.0,1.0
2022-09-07,154.825,156.67,153.61,155.96,153.403000240848,87449574,0.0,1.0
2022-09-08,154.64,156.36,152.68,154.46,151.927593082851,84923847,0.0,1.0
2022-09-09,155.47,157.82,154.75,157.37,154.789882969366,68081006,0.0,1.0
2022-09-12,159.59,164.26,159.3,163.43,160.750527887675,104955962,0.0,1.0
2022-09-13,159.9,160.54,153.37,153.84,151.317758124212,122656614,0.0,1.0
2022-09-14,154.785,157.1,153.6106,155.31,152.76365713905,87965409,0.0,1.0
2022-09-15,154.65,155.24,151.38,152.37,149.871859109375,90481110,0.0,1.0
2022-09-16,151.21,151.35,148.37,150.7,148.229239140138,162278841,0.0,1.0
2022-09-19,149.31,154.56,149.1,154.48,151.947265178291,81474246,0.0,1.0
2022-09-20,153.4,158.08,153.08,156.9,154.327588726527,107689796,0.0,1.0
2022-09-21,157.34,158.74,153.6,153.72,151.199725551572,101696790,0.0,1.0
2022-09-22,152.38,154.47,150.91,152.74,150.235792875014,86264792,0.0,1.0
2022-09-23,151.19,151.47,148.56,150.43,147.963665851698,96029909,0.0,1.0
2022-09-26,149.66,153.7701,149.64,150.77,148.298091474178,93339409,0.0,1.0
2022-09-27,152.74,154.72,149.945,151.76,149.271860198456,84442741,0.0,1.0
2022-09-28,147.64,150.6414,144.84,149.84,147.383339036219,146691387,0.0,1.0
2022-09-29,146.1,146.72,140.68,142.48,140.144007914312,128138237,0.0,1.0
2022-09-30,141.28,143.1,138.0,138.2,135.934179490159,124925274,0.0,1.0
2022-10-03,138.21,143.07,137.685,142.45,140.114499771152,114311663,0.0,1.0
2022-10-04,145.03,146.22,144.26,146.1,143.704657188946,87830064,0.0,1.0
2022-10-05,144.075,147.38,143.01,146.4,143.999738620545,79470968,0.0,1.0
2022-10-06,145.81,147.54,145.22,145.43,143.045641991707,68402169,0.0,1.0
2022-10-07,142.54,143.1,139.445,140.09,137.793192509236,85925559,0.0,1.0
2022-10-10,140.42,141.89,138.5729,140.42,138.117782083996,74899002,0.0,1.0
2022-10-11,139.9,141.35,138.22,138.98,136.701391212318,77033672,0.0,1.0
2022-10-12,139.13,140.36,138.16,138.34,136.071884158239,70433744,0.0,1.0
2022-10-13,134.99,143.59,134.37,142.99,140.645646348031,113223975,0.0,1.0
2022-10-14,144.31,144.52,138.19,138.38,136.111228349119,88597969,0.0,1.0
2022-10-17,141.065,142.9,140.27,142.41,140.075155580272,85250939,0.0,1.0
2022-10-18,145.49,146.7,140.61,143.75,141.39318597475,99136610,0.0,1.0
2022-10-19,141.69,144.9492,141.5,143.86,141.50138249967,61758340,0.0,1.0
2022-10-20,143.02,145.89,142.65,143.39,141.03908825683,64521989,0.0,1.0
2022-10-21,142.87,147.8479,142.649,147.27,144.855474772184,86548609,0.0,1.0
2022-10-24,147.185,150.23,146.0,149.45,146.99973317514,75981918,0.0,1.0
2022-10-25,150.09,152.49,149.36,152.34,149.842350966215,74732290,0.0,1.0
2022-10-26,150.96,151.99,148.04,149.35,146.90137269794,88436172,0.0,1.0
2022-10-27,148.07,149.046,144.13,144.8,142.425970985348,109180150,0.0,1.0
2022-10-28,148.2,157.5,147.82,155.74,153.186607191009,164762371,0.0,1.0
2022-10-31,153.155,154.24,151.92,153.34,150.825955738213,97943171,0.0,1.0
2022-11-01,155.08,155.45,149.13,150.65,148.180058901538,80379345,0.0,1.0
2022-11-02,148.945,152.17,145.0,145.03,142.652200082908,93604623,0.0,1.0
2022-11-03,142.06,142.8,138.75,138.88,136.603030735118,97918516,0.0,1.0
2022-11-04,142.09,142.67,134.38,138.38,136.337457446679,140814796,0.23,1.0
2022-11-07,137.11,139.145,135.671,138.92,136.869486836917,83374628,0.0,1.0
2022-11-08,140.41,141.43,137.49,139.5,137.440925811618,89908477,0.0,1.0
2022-11-09,138.5,138.55,134.5933,134.87,132.879266410128,74917794,0.0,1.0
2022-11-10,141.24,146.87,139.5,146.87,144.702141748762,118854028,0.0,1.0
2022-11-11,145.82,150.01,144.37,149.7,147.490369849457,93979665,0.0,1.0
2022-11-14,148.97,150.28,147.43,148.28,146.091329601052,73374114,0.0,1.0
2022-11-15,152.215,153.59,148.5613,150.04,147.825351317385,89868332,0.0,1.0
2022-11-16,149.13,149.87,147.29,148.79,146.593801802944,64218266,0.0,1.0
2022-11-17,146.43,151.48,146.15,150.72,148.49531425324,80389400,0.0,1.0
2022-11-18,152.305,152.7,149.97,151.29,149.056900831826,74829573,0.0,1.0
2022-11-21,150.16,150.37,147.715,148.01,145.825314905932,58724070,0.0,1.0
2022-11-22,148.13,150.42,146.925,150.18,147.963284863002,51804132,0.0,1.0
2022-11-23,149.45,151.83,149.34,151.07,148.840148117284,58301395,0.0,1.0
2022-11-25,148.305,148.88,147.12,148.11,145.923838867088,35195860,0.0,1.0
2022-11-28,145.14,146.64,143.38,144.22,142.091256778147,69346522,0.0,1.0
2022-11-29,144.29,144.81,140.355,141.17,139.086275962911,83763803,0.0,1.0
2022-11-30,141.395,148.72,140.55,148.03,145.845019698163,111380880,0.0,1.0
2022-12-01,148.21,149.13,146.61,148.31,146.120886789398,71250416,0.0,1.0
2022-12-02,145.96,148.0,145.65,147.81,145.628266983622,65447446,0.0,1.0
2022-12-05,147.77,150.9199,145.77,146.63,144.465684241989,68826442,0.0,1.0
2022-12-06,147.075,147.3,141.92,142.91,140.800592887013,64727186,0.0,1.0
2022-12-07,142.19,143.37,140.0,140.94,138.859670852254,69721094,0.0,1.0
2022-12-08,142.36,143.52,141.1,142.65,140.544430588009,62128338,0.0,1.0
2022-12-09,142.34,145.57,140.9,142.16,140.061663178348,76097011,0.0,1.0
2022-12-12,142.7,144.5,141.06,144.49,142.357271473266,70462654,0.0,1.0
2022-12-13,149.5,149.9692,144.24,145.47,143.322806292588,93886161,0.0,1.0
2022-12-14,145.35,146.655,141.16,143.21,141.096164770479,82291182,0.0,1.0
2022-12-15,141.11,141.8,136.025,136.5,134.485206976959,98931907,0.0,1.0
2022-12-16,136.685,137.65,133.73,134.51,132.524580149969,160156900,0.0,1.0
2022-12-19,135.11,135.2,131.32,132.37,130.416167381246,79592614,0.0,1.0
2022-12-20,131.39,133.25,129.89,132.3,130.347200608438,77432819,0.0,1.0
2022-12-21,132.98,136.81,132.75,135.45,133.450705384829,85927993,0.0,1.0
2022-12-22,134.352,134.56,130.3,132.23,130.278233835629,77852108,0.0,1.0
2022-12-23,130.92,132.415,129.64,131.86,129.913695179354,63814893,0.0,1.0
2022-12-27,131.38,131.41,128.72,130.03,128.110706690213,69007830,0.0,1.0
2022-12-28,129.67,131.0275,125.87,126.04,124.179600640117,85438391,0.0,1.0
2022-12-29,127.99,130.4814,127.73,129.61,127.696906053361,75703710,0.0,1.0
2022-12-30,128.41,129.95,127.43,129.93,128.012182729057,77034209,0.0,1.0
2023-01-03,130.28,130.9,124.17,125.07,123.223918216911,112117471,0.0,1.0
2023-01-04,126.89,128.6557,125.08,126.36,124.494877315814,89113633,0.0,1.0
2023-01-05,127.13,127.77,124.76,125.02,123.174656236333,80962708,0.0,1.0
2023-01-06,126.01,130.29,124.89,129.62,127.706758449476,87754715,0.0,1.0
2023-01-09,130.465,133.41,129.89,130.15,128.228935443599,70790813,0.0,1.0
2023-01-10,130.26,131.2636,128.12,130.73,128.8003744183,63896155,0.0,1.0
2023-01-11,131.25,133.51,130.46,133.49,131.519635746185,69458949,0.0,1.0
2023-01-12,133.88,134.26,131.44,133.41,131.440816577261,71379648,0.0,1.0
2023-01-13,132.03,134.92,131.66,134.76,132.770890052858,57809719,0.0,1.0
2023-01-17,134.83,137.29,134.13,135.94,133.93347279449,63646627,0.0,1.0
2023-01-18,136.815,138.61,135.03,135.21,133.214247878056,69672800,0.0,1.0
2023-01-19,134.08,136.25,133.77,135.27,133.273362254749,58280413,0.0,1.0
2023-01-20,135.28,138.02,134.22,137.87,135.834985244787,80223626,0.0,1.0
2023-01-23,138.12,143.315,137.9,141.11,139.027161586218,81760313,0.0,1.0
2023-01-24,140.305,143.16,140.3,142.53,140.426201834623,66435142,0.0,1.0
2023-01-25,140.89,142.43,138.81,141.86,139.766091294883,65799349,0.0,1.0
2023-01-26,143.17,144.25,141.9,143.96,141.835094479143,54105068,0.0,1.0
2023-01-27,143.155,147.23,143.08,145.93,143.776016513902,70555843,0.0,1.0
2023-01-30,144.955,145.55,142.85,143.0,140.889264452053,64015274,0.0,1.0
2023-01-31,142.7,144.34,142.28,144.29,142.160223550956,65874459,0.0,1.0
2023-02-01,143.97,146.61,141.32,145.43,143.283396708126,77663633,0.0,1.0
2023-02-02,148.9,151.18,148.17,150.82,148.593838214396,118338980,0.0,1.0
2023-02-03,148.03,157.38,147.83,154.5,152.21951998491,154357337,0.0,1.0
2023-02-06,152.575,153.1,150.78,151.73,149.490406260909,69858306,0.0,1.0
2023-02-07,150.64,155.23,150.64,154.65,152.367305926643,83322551,0.0,1.0
2023-02-08,153.88,154.58,151.168,151.92,149.677601787104,64120079,0.0,1.0
2023-02-09,153.775,154.33,150.42,150.87,148.643100194973,56007143,0.0,1.0
2023-02-10,149.46,151.3401,149.22,151.01,149.007638851248,57450708,0.23,1.0
2023-02-13,150.952,154.26,150.92,153.85,151.809981042742,62199013,0.0,1.0
2023-02-14,152.12,153.77,150.86,153.2,151.168599907365,61707573,0.0,1.0
2023-02-15,153.11,155.5,152.88,155.33,153.270356550986,65669252,0.0,1.0
2023-02-16,153.51,156.33,153.3475,153.71,151.671837413584,68167942,0.0,1.0
2023-02-17,152.35,153.0,150.85,152.55,150.527218771988,59144118,0.0,1.0
2023-02-21,150.2,151.3,148.405,148.48,146.511186124318,58867230,0.0,1.0
2023-02-22,148.87,149.95,147.16,148.91,146.935484413875,51011305,0.0,1.0
2023-02-23,150.09,150.34,147.24,149.4,147.418987115929,48394249,0.0,1.0
2023-02-24,147.11,147.19,145.7202,146.71,144.764655955676,55469606,0.0,1.0
2023-02-27,147.71,149.17,147.45,147.92,145.958611607685,44998470,0.0,1.0
2023-02-28,147.05,149.08,146.83,147.41,145.455374101466,50546998,0.0,1.0
2023-03-01,146.83,147.2285,145.01,145.31,143.383219664094,55478991,0.0,1.0
2023-03-02,144.38,146.71,143.9,145.91,143.975263789058,52279761,0.0,1.0
2023-03-03,148.045,151.11,147.33,151.03,149.027373655413,70732297,0.0,1.0
2023-03-06,153.785,156.3,153.46,153.83,151.790246238577,87558028,0.0,1.0
2023-03-07,153.7,154.0299,151.13,151.6,149.589815574129,56182028,0.0,1.0
2023-03-08,152.81,153.47,151.83,152.87,150.842975638635,47204791,0.0,1.0
2023-03-09,153.559,154.535,150.225,150.59,148.593207963773,53833582,0.0,1.0
2023-03-10,150.21,150.94,147.6096,148.5,146.530920928484,68572400,0.0,1.0
2023-03-13,147.805,153.14,147.7,150.47,148.474799138781,84457122,0.0,1.0
2023-03-14,151.28,153.4,150.1,152.59,150.566688380319,73695893,0.0,1.0
2023-03-15,151.19,153.245,149.92,152.99,150.961384463628,77167866,0.0,1.0
2023-03-16,152.16,156.46,151.64,155.85,153.783461459287,76254419,0.0,1.0
2023-03-17,156.08,156.74,154.28,155.0,152.944732282256,98944633,0.0,1.0
2023-03-20,155.07,157.82,154.15,157.4,155.31290878211,73641415,0.0,1.0
2023-03-21,157.32,159.4,156.54,159.28,157.167980373662,73938285,0.0,1.0
2023-03-22,159.3,162.14,157.81,157.83,155.737207071667,75701811,0.0,1.0
2023-03-23,158.83,161.5501,157.68,158.93,156.822621300767,67622060,0.0,1.0
2023-03-24,158.86,160.34,157.85,160.25,158.125118375687,59256343,0.0,1.0
2023-03-27,159.94,160.77,157.87,158.28,156.18124016539,52390266,0.0,1.0
2023-03-28,157.97,158.49,155.98,157.65,155.559593834178,45992152,0.0,1.0
2023-03-29,159.37,161.05,159.35,160.77,158.638223283989,51305691,0.0,1.0
2023-03-30,161.53,162.47,161.271,162.36,160.207140215142,49501689,0.0,1.0
2023-03-31,162.44,165.0,161.91,164.9,162.713460344155,68749792,0.0,1.0
2023-04-03,164.27,166.29,164.22,166.17,163.966620408661,56976187,0.0,1.0
2023-04-04,166.595,166.84,165.11,165.63,163.433780696194,46278295,0.0,1.0
2023-04-05,164.74,165.05,161.8,163.76,161.588576506724,51511744,0.0,1.0
2023-04-06,162.43,164.9584,162.0,164.66,162.476642694169,45390123,0.0,1.0
2023-04-10,161.42,162.03,160.08,162.03,159.881515946412,47716882,0.0,1.0
2023-04-11,162.35,162.36,160.51,160.8,158.667825490237,47644217,0.0,1.0
2023-04-12,161.22,162.06,159.78,160.1,157.977107344446,50133062,0.0,1.0
2023-04-13,161.63,165.8,161.42,165.56,163.364708881614,68445649,0.0,1.0
2023-04-14,164.59,166.32,163.82,165.21,163.019349808719,49386480,0.0,1.0
2023-04-17,165.09,165.39,164.03,165.23,163.039084612884,40713618,0.0,1.0
2023-04-18,166.1,167.41,165.65,166.47,164.262642471143,49923008,0.0,1.0
2023-04-19,165.8,168.16,165.54,167.63,165.407261112739,47720166,0.0,1.0
2023-04-20,166.09,167.87,165.56,166.65,164.440255708632,52456377,0.0,1.0
2023-04-21,165.05,166.4521,164.49,165.02,162.831869169147,58337341,0.0,1.0
2023-04-24,165.0,165.6,163.89,165.33,163.137758633712,41949581,0.0,1.0
2023-04-25,165.19,166.305,163.73,163.77,161.598443908807,48714063,0.0,1.0
2023-04-26,163.055,165.28,162.8,163.76,161.588576506724,44105745,0.0,1.0
2023-04-27,165.19,168.56,165.19,168.41,166.176918475191,64902329,0.0,1.0
2023-04-28,168.49,169.85,167.8801,169.68,167.430078539698,55275851,0.0,1.0
2023-05-01,169.28,170.45,168.64,169.59,167.341271920953,52472936,0.0,1.0
2023-05-02,170.09,170.35,167.54,168.54,166.305194702267,48425696,0.0,1.0
2023-05-03,169.5,170.92,167.16,167.45,165.22964787525,65136018,0.0,1.0
2023-05-04,164.89,167.04,164.31,165.79,163.591659129517,81235427,0.0,1.0
2023-05-05,170.975,174.3,170.76,173.57,171.268497949878,113453171,0.0,1.0
2023-05-08,172.48,173.85,172.11,173.5,171.199426135299,55962793,0.0,1.0
2023-05-09,173.05,173.54,171.6,171.77,169.492365574987,45326874,0.0,1.0
2023-05-10,173.02,174.03,171.9,173.555,171.253696846754,53724501,0.0,1.0
2023-05-11,173.85,174.59,172.17,173.75,171.446111187367,49514676,0.0,1.0
2023-05-12,173.62,174.06,171.0,172.57,170.518575391591,45533138,0.24,1.0
2023-05-15,173.16,173.21,171.47,172.07,170.024519137921,37266659,0.0,1.0
2023-05-16,171.99,173.1383,171.7991,172.07,170.024519137921,42110293,0.0,1.0
2023-05-17,171.71,172.925,170.4201,172.69,170.637148892472,57951604,0.0,1.0
2023-05-18,173.0,175.24,172.58,175.05,172.969094409793,65496657,0.0,1.0
2023-05-19,176.39,176.39,174.94,175.16,173.0777867856,55809475,0.0,1.0
2023-05-22,173.98,174.71,173.45,174.2,172.129198778554,43570932,0.0,1.0
2023-05-23,173.13,173.3794,171.275,171.56,169.520581759178,50747263,0.0,1.0
2023-05-24,171.09,172.4183,170.52,171.84,169.797253261233,45143488,0.0,1.0
2023-05-25,172.41,173.895,171.69,172.99,170.933582644674,56058258,0.0,1.0
2023-05-26,173.32,175.77,173.11,175.43,173.344577162582,54834975,0.0,1.0
2023-05-30,176.96,178.99,176.57,177.3,175.192347551307,55964401,0.0,1.0
2023-05-31,177.325,179.35,176.76,177.25,175.14294192594,99313268,0.0,1.0
2023-06-01,177.7,180.12,176.9306,180.09,177.949181446785,68901809,0.0,1.0
2023-06-02,181.03,181.78,179.26,180.95,178.798958203097,61996913,0.0,1.0
2023-06-05,182.63,184.951,178.035,179.58,177.445244068041,121946497,0.0,1.0
2023-06-06,179.965,180.12,177.43,179.21,177.079642440326,64848374,0.0,1.0
2023-06-07,178.44,181.21,177.32,177.82,175.706166055124,61944615,0.0,1.0
2023-06-08,177.895,180.84,177.46,180.57,178.423475450308,50214881,0.0,1.0
2023-06-09,181.5,182.23,180.63,180.96,178.80883932817,48899973,0.0,1.0
2023-06-12,181.27,183.89,180.97,183.79,181.605197723941,54754995,0.0,1.0
2023-06-13,182.8,184.15,182.44,183.31,181.130903720418,54929129,0.0,1.0
2023-06-14,183.37,184.39,182.02,183.95,181.763295725115,57462882,0.0,1.0
2023-06-15,183.96,186.52,183.78,186.01,183.798807490235,65433166,0.0,1.0
2023-06-16,186.73,186.99,184.27,184.92,182.721764857235,101256225,0.0,1.0
2023-06-20,184.41,186.1,184.41,185.01,182.810694982895,49799092,0.0,1.0
2023-06-21,184.9,185.41,182.5901,183.96,181.773176850189,49515697,0.0,1.0
2023-06-22,183.74,187.045,183.67,187.0,184.777038872501,51245327,0.0,1.0
2023-06-23,185.55,187.56,185.01,186.68,184.460842870152,53116996,0.0,1.0
2023-06-26,186.83,188.05,185.23,185.27,183.067604234804,48088661,0.0,1.0
2023-06-27,185.89,188.39,185.67,188.06,185.824438130281,50730846,0.0,1.0
2023-06-28,187.93,189.9,187.6,189.25,187.000292014015,51216801,0.0,1.0
2023-06-29,189.08,190.07,188.94,189.59,187.336250266511,46347308,0.0,1.0
2023-06-30,191.63,194.48,191.26,193.97,191.664183048658,85213216,0.0,1.0
2023-07-03,193.78,193.88,191.76,192.46,190.172133162575,31458198,0.0,1.0
2023-07-05,191.565,192.98,190.62,191.33,189.055566029281,46920261,0.0,1.0
2023-07-06,189.84,192.02,189.2,191.81,189.529860032804,45156009,0.0,1.0
2023-07-07,191.41,192.67,190.24,190.68,188.413292899511,46814998,0.0,1.0
2023-07-10,189.26,189.99,187.035,188.61,186.367900009318,59922163,0.0,1.0
2023-07-11,189.16,189.3,186.6,188.08,185.844200380428,46638119,0.0,1.0
2023-07-12,189.68,191.7,188.47,189.77,187.514110517832,60750248,0.0,1.0
2023-07-13,190.5,191.19,189.78,190.54,188.274957148483,41342338,0.0,1.0
2023-07-14,190.23,191.1799,189.63,190.69,188.423174024584,41616242,0.0,1.0
2023-07-17,191.9,194.32,191.81,193.99,191.683945298805,50520159,0.0,1.0
2023-07-18,193.35,194.33,192.415,193.73,191.427036046896,48353774,0.0,1.0
2023-07-19,193.1,198.23,192.65,195.1,192.780750181952,80507323,0.0,1.0
2023-07-20,195.09,196.47,192.495,193.13,190.834168542493,59581196,0.0,1.0
2023-07-21,194.1,194.97,191.23,191.94,189.658314658759,71951683,0.0,1.0
2023-07-24,193.41,194.91,192.25,192.75,190.458685789704,45505097,0.0,1.0
2023-07-25,193.33,194.44,192.915,193.62,191.318343671089,37283201,0.0,1.0
2023-07-26,193.67,195.64,193.32,194.5,192.187882677548,47471868,0.0,1.0
2023-07-27,196.02,197.2,192.55,193.22,190.923098668153,47460180,0.0,1.0
2023-07-28,194.67,196.626,194.14,195.83,193.50207231231,48291443,0.0,1.0
2023-07-31,196.06,196.49,195.26,196.45,194.11470206686,38824113,0.0,1.0
2023-08-01,196.235,196.73,195.28,195.605,193.279746998158,35281426,0.0,1.0
2023-08-02,195.04,195.18,191.8507,192.58,190.290706663456,50389327,0.0,1.0
2023-08-03,191.57,192.37,190.69,191.17,188.897468028107,62243282,0.0,1.0
2023-08-04,185.52,187.38,181.92,181.99,179.82659521073,115956841,0.0,1.0
2023-08-07,182.13,183.13,177.35,178.85,176.723921937683,97576069,0.0,1.0
2023-08-08,179.69,180.27,177.58,179.8,177.662628819656,67823003,0.0,1.0
2023-08-09,180.87,180.93,177.01,178.19,176.071767682839,60378492,0.0,1.0
2023-08-10,179.48,180.75,177.6,177.97,175.854382931225,54686851,0.0,1.0
2023-08-11,177.32,178.62,176.55,177.79,175.913669681665,52036672,0.24,1.0
2023-08-14,177.97,179.69,177.305,179.46,177.566045115426,43675627,0.0,1.0
2023-08-15,178.88,179.48,177.05,177.45,175.577257916708,43622593,0.0,1.0
2023-08-16,177.13,178.54,176.5,176.57,174.706545113289,46964857,0.0,1.0
2023-08-17,177.14,177.5054,173.48,174.0,172.163667948758,66062882,0.0,1.0
2023-08-18,172.3,175.1,171.96,174.49,172.648496668844,61172150,0.0,1.0
2023-08-21,175.07,176.13,173.735,175.84,173.984249264998,46311879,0.0,1.0
2023-08-22,177.06,177.68,176.25,177.23,175.359579715853,42084245,0.0,1.0
2023-08-23,178.52,181.55,178.325,181.12,179.208526085512,52722752,0.0,1.0
2023-08-24,180.674,181.104,176.01,176.38,174.51855030346,54945798,0.0,1.0
2023-08-25,177.38,179.15,175.82,178.61,176.725015703033,51449594,0.0,1.0
2023-08-28,180.09,180.59,178.545,180.19,178.288340963717,43820697,0.0,1.0
2023-08-29,179.695,184.9,179.5,184.12,182.176865188077,53003948,0.0,1.0
2023-08-30,184.94,187.85,184.74,187.65,185.669610865428,60813888,0.0,1.0
2023-08-31,187.84,189.12,187.48,187.87,185.887289066283,60794467,0.0,1.0
2023-09-01,189.485,189.92,188.28,189.46,187.460508790642,45766503,0.0,1.0
2023-09-05,188.28,189.98,187.61,189.7,187.697975918847,45280027,0.0,1.0
2023-09-06,188.4,188.85,181.47,182.91,180.979635083376,81755816,0.0,1.0
2023-09-07,175.18,178.21,173.54,177.56,175.686097017135,112488803,0.0,1.0
2023-09-08,178.35,180.239,177.79,178.18,176.299553764998,65602066,0.0,1.0
2023-09-11,180.07,180.3,177.34,179.36,177.467100478674,58953052,0.0,1.0
2023-09-12,179.49,180.13,174.82,176.3,174.439394594058,90370192,0.0,1.0
2023-09-13,176.51,177.3,173.98,174.21,172.371451685938,84267928,0.0,1.0
2023-09-14,174.0,176.1,173.58,175.74,173.885304628246,60895757,0.0,1.0
2023-09-15,176.48,176.495,173.82,175.01,173.163008779955,109259461,0.0,1.0
2023-09-18,176.48,179.38,176.17,177.97,176.091770027819,67257573,0.0,1.0
2023-09-19,177.52,179.63,177.13,179.07,177.180161032093,51826941,0.0,1.0
2023-09-20,179.26,179.695,175.4,175.49,173.637943036365,58436181,0.0,1.0
2023-09-21,174.55,176.3,173.86,173.93,172.094406703032,63149116,0.0,1.0
2023-09-22,174.67,177.079,174.05,174.79,172.9453305791,56725385,0.0,1.0
2023-09-25,174.2,176.97,174.15,176.08,174.221716393203,46172740,0.0,1.0
2023-09-26,174.82,175.2,171.66,171.96,170.145197359014,64588945,0.0,1.0
2023-09-27,172.62,173.04,169.05,170.43,168.631344416706,66921808,0.0,1.0
2023-09-28,169.34,172.03,167.62,170.69,168.888600472262,56294419,0.0,1.0
2023-09-29,172.02,173.07,170.341,171.21,169.403112583373,51861083,0.0,1.0
2023-10-02,171.22,174.3,170.93,173.75,171.916306356878,52164535,0.0,1.0
2023-10-03,172.255,173.63,170.82,172.4,170.580553760724,49594613,0.0,1.0
2023-10-04,171.09,174.21,170.97,173.66,171.827256183801,53020286,0.0,1.0
2023-10-05,173.79,175.45,172.68,174.91,173.064064143203,48527918,0.0,1.0
2023-10-06,173.8,177.99,173.18,177.49,175.616835771409,57266675,0.0,1.0
2023-10-09,176.81,179.05,175.8,178.99,177.101005322691,42390772,0.0,1.0
2023-10-10,178.1,179.72,177.95,178.39,176.507337502178,43698019,0.0,1.0
2023-10-11,178.2,179.85,177.6,179.8,177.902456880383,47551098,0.0,1.0
2023-10-12,180.07,182.34,179.04,180.71,178.802853074828,56743119,0.0,1.0
2023-10-13,181.42,181.93,178.14,178.85,176.962482831238,51456082,0.0,1.0
2023-10-16,176.75,179.075,176.51,178.72,176.83385480346,52516984,0.0,1.0
2023-10-17,176.645,178.42,174.8,177.15,175.280424006451,57549350,0.0,1.0
2023-10-18,175.58,177.575,175.11,175.84,173.984249264998,54764375,0.0,1.0
2023-10-19,176.04,177.84,175.19,175.46,173.60825964534,59302863,0.0,1.0
2023-10-20,175.31,175.42,172.64,172.88,171.055488017134,64244028,0.0,1.0
2023-10-23,170.91,174.01,169.93,173.0,171.174221581237,55980109,0.0,1.0
2023-10-24,173.05,173.67,171.45,173.44,171.609577982946,43816644,0.0,1.0
2023-10-25,171.88,173.06,170.65,171.1,169.294273482946,57156962,0.0,1.0
2023-10-26,170.37,171.3775,165.67,166.89,165.12870427568,70625258,0.0,1.0
2023-10-27,166.91,168.96,166.83,168.22,166.444667944483,58499129,0.0,1.0
2023-10-30,169.02,171.17,168.87,170.29,168.492821925253,51130955,0.0,1.0
2023-10-31,169.35,170.9,167.9,170.77,168.967756181663,44846017,0.0,1.0
2023-11-01,171.0,174.23,170.12,173.97,172.133984557733,56934906,0.0,1.0
2023-11-02,175.52,177.78,175.46,177.57,175.69599148081,77334752,0.0,1.0
2023-11-03,174.24,176.82,173.35,176.65,174.78570082269,79829246,0.0,1.0
2023-11-06,176.38,179.43,176.21,179.23,177.338472450896,63841310,0.0,1.0
2023-11-07,179.18,182.44,178.97,181.82,179.901138542777,70529966,0.0,1.0
2023-11-08,182.35,183.45,181.59,182.89,180.959846156025,49340282,0.0,1.0
2023-11-09,182.96,184.12,181.81,182.41,180.484911899615,53763540,0.0,1.0
2023-11-10,183.97,186.565,183.53,186.4,184.670270034231,66177922,0.24,1.0
2023-11-13,185.82,186.03,184.21,184.8,183.085117501749,43627519,0.0,1.0
2023-11-14,187.7,188.11,186.3,187.44,185.700619180345,60108378,0.0,1.0
2023-11-15,187.845,189.5,187.78,188.01,186.265329770042,53790499,0.0,1.0
2023-11-16,189.57,190.96,188.65,189.71,187.949554335805,54412915,0.0,1.0
2023-11-17,190.25,190.38,188.57,189.69,187.929739929149,50941404,0.0,1.0
2023-11-20,189.89,191.905,189.88,191.45,189.67340771488,46538614,0.0,1.0
2023-11-21,191.41,191.52,189.74,190.64,188.87092424531,38134485,0.0,1.0
2023-11-22,191.49,192.93,190.825,191.31,189.534706868287,39630011,0.0,1.0
2023-11-24,190.87,190.9,189.25,189.97,188.207141622333,24048344,0.0,1.0
2023-11-27,189.92,190.67,188.9,189.79,188.028811962429,40552609,0.0,1.0
2023-11-28,189.78,191.08,189.4,190.4,188.633151365438,38415419,0.0,1.0
2023-11-29,190.9,192.09,188.97,189.37,187.612709422652,43014224,0.0,1.0
2023-11-30,189.84,190.32,188.19,189.95,188.187327215677,48794366,0.0,1.0
2023-12-01,190.33,191.56,189.23,191.24,189.465356444991,45704823,0.0,1.0
2023-12-04,189.98,190.05,187.4511,189.43,187.67215264262,43389519,0.0,1.0
2023-12-05,190.21,194.4,190.18,193.42,191.625126770499,66628398,0.0,1.0
2023-12-06,194.45,194.76,192.11,192.32,190.535334404417,40895115,0.0,1.0
2023-12-07,193.63,195.0,193.59,194.27,192.46723905338,47477655,0.0,1.0
2023-12-08,194.2,195.99,193.67,195.71,193.893876332615,53406358,0.0,1.0
2023-12-11,193.11,193.49,191.42,193.18,191.387353890627,60943699,0.0,1.0
2023-12-12,193.08,194.72,191.721,194.71,192.903155999813,52696900,0.0,1.0
2023-12-13,195.09,198.0,194.85,197.96,196.122997081419,70404183,0.0,1.0
2023-12-14,198.02,199.62,196.16,198.11,196.271605131339,66831572,0.0,1.0
2023-12-15,197.53,198.3999,197.0,197.57,195.736616151626,128538401,0.0,1.0
2023-12-18,196.09,196.63,194.39,195.89,194.072205992519,55751861,0.0,1.0
2023-12-19,196.16,196.95,195.89,196.94,195.112462341961,40233138,0.0,1.0
2023-12-20,196.9,197.68,194.83,194.83,193.022042439749,52242815,0.0,1.0
2023-12-21,196.1,197.08,193.5,194.68,192.873434389829,46482549,0.0,1.0
2023-12-22,195.18,195.41,192.97,193.6,191.803456430403,37149570,0.0,1.0
2023-12-26,193.61,193.89,192.83,193.05,191.258560247362,28919310,0.0,1.0
2023-12-27,192.49,193.5,191.09,193.15,191.357632280642,47899806,0.0,1.0
2023-12-28,194.14,194.66,193.17,193.58,191.783642023747,34049898,0.0,1.0
2023-12-29,193.9,194.4,191.725,192.53,190.743385674305,42672148,0.0,1.0
2024-01-02,187.15,188.44,183.885,185.64,183.917322581302,82488674,0.0,1.0
2024-01-03,184.22,185.88,183.43,184.25,182.540221318708,58414460,0.0,1.0
2024-01-04,182.15,183.0872,180.88,181.91,180.221935739952,71983570,0.0,1.0
2024-01-05,181.99,182.76,180.17,181.18,179.498709897007,62196924,0.0,1.0
2024-01-08,182.085,185.6,181.5,185.56,183.838064954678,59144470,0.0,1.0
2024-01-09,183.92,185.15,182.73,185.14,183.421962414901,42841809,0.0,1.0
2024-01-10,184.35,186.4,183.92,186.19,184.462218764343,46792908,0.0,1.0
2024-01-11,186.54,187.05,183.62,185.59,183.867786564662,49128408,0.0,1.0
2024-01-12,186.06,186.74,185.19,185.92,184.194724274486,40477782,0.0,1.0
2024-01-16,182.16,184.26,180.934,183.63,181.925974712371,65603041,0.0,1.0
2024-01-17,181.27,182.93,180.3,182.68,180.984790396209,47317433,0.0,1.0
2024-01-18,186.09,189.14,185.83,188.63,186.879576376379,78005754,0.0,1.0
2024-01-19,189.33,191.95,188.82,191.56,189.782386951488,68902985,0.0,1.0
2024-01-22,192.3,195.33,192.26,193.89,192.090765326916,60133852,0.0,1.0
2024-01-23,195.02,195.75,193.8299,195.18,193.36879455623,42355590,0.0,1.0
2024-01-24,195.42,196.38,194.34,194.5,192.695104729925,53463269,0.0,1.0
2024-01-25,195.22,196.2675,193.1125,194.17,192.3681670201,54822126,0.0,1.0
2024-01-26,194.27,194.76,191.94,192.42,190.634406437697,44594011,0.0,1.0
2024-01-29,192.01,192.2,189.58,191.73,189.950809408064,47145622,0.0,1.0
2024-01-30,190.94,191.8,187.47,188.04,186.295051380026,55859370,0.0,1.0
2024-01-31,187.04,187.095,184.35,184.4,182.688829368628,55467803,0.0,1.0
2024-02-01,183.985,186.95,183.82,186.86,185.12600138732,64885408,0.0,1.0
2024-02-02,179.86,187.33,179.25,185.85,184.12537385119,102551680,0.0,1.0
2024-02-05,188.15,189.25,185.84,187.68,185.938392060217,69668820,0.0,1.0
2024-02-06,186.86,189.31,186.7695,189.3,187.543358999356,43490759,0.0,1.0
2024-02-07,190.64,191.05,188.61,189.41,187.652338235964,53438955,0.0,1.0
2024-02-08,189.385,189.535,187.35,188.32,186.57245307321,40962046,0.0,1.0
2024-02-09,188.65,189.99,188.0,188.85,187.335307729468,45155216,0.24,1.0
2024-02-12,188.415,188.67,186.79,187.15,185.648942767116,41781934,0.0,1.0
2024-02-13,185.77,186.21,183.5128,185.04,183.555866255021,56529529,0.0,1.0
2024-02-14,185.32,185.53,182.44,184.15,182.67300459826,54630517,0.0,1.0
2024-02-15,183.55,184.49,181.35,183.86,182.385330575271,65434496,0.0,1.0
2024-02-16,183.42,184.85,181.665,182.31,180.847762521362,49752465,0.0,1.0
2024-02-20,181.79,182.43,180.0,181.56,180.103777979148,53665553,0.0,1.0
2024-02-21,181.94,182.8888,180.66,182.32,180.857682315258,41529674,0.0,1.0
2024-02-22,183.48,184.955,182.46,184.37,182.891240063976,52292208,0.0,1.0
2024-02-23,185.01,185.04,182.23,182.52,181.056078193182,45119677,0.0,1.0
2024-02-26,182.24,182.76,180.65,181.16,179.706986223301,40867421,0.0,1.0
2024-02-27,181.1,183.9225,179.56,182.63,181.16519592604,54318851,0.0,1.0
2024-02-28,182.51,183.12,180.13,181.42,179.964900864602,48953939,0.0,1.0
2024-02-29,181.27,182.57,179.53,180.75,179.300274673557,136682597,0.0,1.0
2024-03-01,179.55,180.53,177.38,179.66,178.219017138873,73563082,0.0,1.0
2024-03-04,176.15,176.9,173.79,175.1,173.695591122212,81510101,0.0,1.0
2024-03-05,170.76,172.04,169.62,170.12,168.755533761912,95132355,0.0,1.0
2024-03-06,171.06,171.24,168.68,169.12,167.763554372293,68587707,0.0,1.0
2024-03-07,169.15,170.73,168.49,169.0,167.644516845539,71765061,0.0,1.0
2024-03-08,169.0,173.7,168.94,170.73,169.360641189579,76267041,0.0,1.0
2024-03-11,172.94,174.38,172.05,172.75,171.364439556609,58929918,0.0,1.0
2024-03-12,173.15,174.03,171.01,173.23,171.840589663626,59544927,0.0,1.0
2024-03-13,172.77,173.185,170.76,171.13,169.757432945427,51948951,0.0,1.0
2024-03-14,172.91,174.3078,172.05,173.0,171.612434404013,72571635,0.0,1.0
2024-03-15,171.17,172.62,170.285,172.62,171.235482235958,121752699,0.0,1.0
2024-03-18,175.57,177.71,173.52,173.72,172.326659564539,75604184,0.0,1.0
2024-03-19,174.34,176.605,173.03,176.08,174.667730924039,55215244,0.0,1.0
2024-03-20,175.72,178.67,175.09,178.67,177.236957543151,53423102,0.0,1.0
2024-03-21,177.05,177.49,170.84,171.37,169.995507998935,106181270,0.0,1.0
2024-03-22,171.76,173.05,170.06,172.28,170.898209243488,71160138,0.0,1.0
2024-03-25,170.565,171.94,169.45,170.85,169.479678716333,54288328,0.0,1.0
2024-03-26,170.0,171.42,169.58,169.71,168.348822212168,57388449,0.0,1.0
2024-03-27,170.41,173.6,170.11,173.31,171.919948014795,60273265,0.0,1.0
2024-03-28,171.75,172.23,170.51,171.48,170.104625731793,65672690,0.0,1.0
2024-04-01,171.19,171.25,169.475,170.03,168.666255616846,43772506,0.0,1.0
2024-04-02,169.08,169.34,168.2302,168.84,167.4858001432,49013991,0.0,1.0
2024-04-03,168.79,170.68,168.58,169.65,168.289303448791,45571129,0.0,1.0
2024-04-04,170.29,171.92,168.82,168.82,167.465960555408,53355055,0.0,1.0
2024-04-05,169.59,170.39,168.95,169.58,168.219864891518,41975776,0.0,1.0
2024-04-08,169.03,169.2,168.24,168.45,167.098928181249,37216858,0.0,1.0
2024-04-09,168.7,170.08,168.35,169.67,168.309143036583,42231444,0.0,1.0
2024-04-10,168.8,169.09,167.11,167.78,166.434301990204,49709336,0.0,1.0
2024-04-11,168.34,175.46,168.16,175.04,173.636072358835,91070275,0.0,1.0
2024-04-12,174.26,178.36,174.21,176.55,175.133961237159,101670886,0.0,1.0
2024-04-15,175.36,176.63,172.5,172.69,171.304920793232,73531773,0.0,1.0
2024-04-16,171.75,173.76,168.27,169.38,168.021469013594,73711235,0.0,1.0
2024-04-17,169.61,170.65,168.0,168.0,166.65253745592,50901210,0.0,1.0
2024-04-18,168.03,168.64,166.55,167.04,165.700237241887,43122903,0.0,1.0
2024-04-19,166.21,166.4,164.075,165.0,163.676599287065,68149377,0.0,1.0
2024-04-22,165.515,167.26,164.77,165.84,164.509861974344,48116443,0.0,1.0
2024-04-23,165.35,167.05,164.92,166.9,165.56136012734,49537761,0.0,1.0
2024-04-24,166.54,169.3,166.21,169.02,167.664356433331,48251835,0.0,1.0
2024-04-25,169.525,170.61,168.1511,169.89,168.5273785023,50558329,0.0,1.0
2024-04-26,169.88,171.34,169.18,169.3,167.942110662425,44838354,0.0,1.0
2024-04-29,173.37,176.03,173.1,173.5,172.108424098823,68169419,0.0,1.0
2024-04-30,173.33,174.99,170.0,170.33,168.963849433732,65934776,0.0,1.0
2024-05-01,169.58,172.705,169.11,169.3,167.942110662425,50383147,0.0,1.0
2024-05-02,172.51,173.415,170.89,173.03,171.642193785702,94214915,0.0,1.0
2024-05-03,186.645,187.0,182.66,183.38,181.909180468254,163224109,0.0,1.0
2024-05-06,182.354,184.2,180.42,181.71,180.252574887591,78569667,0.0,1.0
2024-05-07,183.45,184.9,181.32,182.4,180.937040666428,77305771,0.0,1.0
2024-05-08,182.85,183.07,181.45,182.74,181.274313658898,45057087,0.0,1.0
2024-05-09,182.56,184.66,182.11,184.57,183.0896359419,48982972,0.0,1.0
2024-05-10,184.9,185.09,182.13,183.05,181.829822117085,50759496,0.25,1.0
2024-05-13,185.435,187.1,184.62,186.28,185.038291526744,72044809,0.0,1.0
2024-05-14,187.51,188.3,186.29,187.43,186.180625836685,52393619,0.0,1.0
2024-05-15,187.91,190.65,187.37,189.72,188.455361114741,70399988,0.0,1.0
2024-05-16,190.47,191.095,189.6601,189.84,188.574561216648,52845230,0.0,1.0
2024-05-17,189.51,190.81,189.18,189.87,188.604361242124,41282925,0.0,1.0
2024-05-20,189.325,191.9199,189.01,191.04,189.766562235716,44361275,0.0,1.0
2024-05-21,191.09,192.73,190.9201,192.35,191.067830014866,42309401,0.0,1.0
2024-05-22,192.265,192.8231,190.27,190.9,189.627495450158,34648547,0.0,1.0
2024-05-23,190.98,191.0,186.625,186.88,185.634292036278,51005924,0.0,1.0
2024-05-24,188.82,190.58,188.0404,189.98,188.713628002206,36326975,0.0,1.0
2024-05-28,191.51,193.0,189.1,189.99,188.723561344031,52280051,0.0,1.0
2024-05-29,189.61,192.247,189.51,190.29,189.021561598798,53068016,0.0,1.0
2024-05-30,190.76,192.18,190.63,191.29,190.014895781355,49947941,0.0,1.0
2024-05-31,191.44,192.57,189.91,192.25,190.96849659661,75158277,0.0,1.0
2024-06-03,192.9,194.99,192.52,194.03,192.736631441562,50080539,0.0,1.0
2024-06-04,194.635,195.32,193.0342,194.35,193.05449837998,47471445,0.0,1.0
2024-06-05,195.4,196.9,194.87,195.87,194.564366337467,54156785,0.0,1.0
2024-06-06,195.685,196.5,194.17,194.48,193.183631823713,41181753,0.0,1.0
2024-06-07,194.65,196.94,194.14,196.89,195.577567203675,53103912,0.0,1.0
2024-06-10,196.9,197.3,192.15,193.12,191.832697335435,97262077,0.0,1.0
2024-06-11,193.65,207.16,193.63,207.15,205.769175916712,172373296,0.0,1.0
2024-06-12,207.37,220.2,206.9,213.07,211.64971427745,198134293,0.0,1.0
2024-06-13,214.74,216.75,211.6,214.24,212.811915271042,97862729,0.0,1.0
2024-06-14,213.85,215.17,211.3,212.49,211.073580451567,70122748,0.0,1.0
2024-06-17,213.37,218.95,212.72,216.67,215.225717334656,93728300,0.0,1.0
2024-06-18,217.59,218.63,213.0,214.29,212.86158198017,79943254,0.0,1.0
2024-06-20,213.93,214.24,208.85,209.68,208.282311398581,86172451,0.0,1.0
2024-06-21,210.39,211.89,207.11,207.49,206.106909538781,246421353,0.0,1.0
2024-06-24,207.72,212.7,206.59,208.14,206.752576757443,80727006,0.0,1.0
2024-06-25,209.15,211.38,208.61,209.07,207.676377547221,56713868,0.0,1.0
2024-06-26,211.5,214.86,210.64,213.25,211.82851443031,66213186,0.0,1.0
2024-06-27,214.69,215.7395,212.35,214.1,212.672848485484,49772707,0.0,1.0
2024-06-28,215.77,216.07,210.3,210.62,209.216045530185,82542718,0.0,1.0
2024-07-01,212.09,217.51,211.92,216.75,215.30518406926,60402929,0.0,1.0
2024-07-02,216.15,220.38,215.1,220.27,218.801720391861,58046178,0.0,1.0
2024-07-03,220.0,221.55,219.03,221.55,220.073188145535,37369801,0.0,1.0
2024-07-05,221.65,226.45,221.65,226.34,224.831258879983,60412408,0.0,1.0
2024-07-08,227.09,227.85,223.25,227.82,226.301393470168,59085861,0.0,1.0
2024-07-09,227.93,229.4,226.3721,228.68,227.155660867167,48169822,0.0,1.0
2024-07-10,229.3,233.08,229.25,232.98,231.426997852163,62627687,0.0,1.0
2024-07-11,231.39,232.39,225.77,227.57,226.053059924528,64710617,0.0,1.0
2024-07-12,228.92,232.64,228.68,230.54,229.003262446723,53046527,0.0,1.0
2024-07-15,236.48,237.23,233.09,234.4,232.837532391394,62631252,0.0,1.0
2024-07-16,235.0,236.27,232.33,234.82,233.254732748068,43234278,0.0,1.0
2024-07-17,229.45,231.4599,226.64,228.88,227.354327703678,57345884,0.0,1.0
2024-07-18,230.28,230.44,222.27,224.18,222.68565704566,66034585,0.0,1.0
2024-07-19,224.82,226.8,223.275,224.31,222.814790489392,49151453,0.0,1.0
2024-07-22,227.01,227.78,223.09,223.96,222.467123525497,48201835,0.0,1.0
2024-07-23,224.365,226.94,222.68,225.01,223.510124417182,39960260,0.0,1.0
2024-07-24,224.0,224.8,217.13,218.54,217.083252256038,61777576,0.0,1.0
2024-07-25,218.93,220.85,214.62,217.49,216.040251364353,51391199,0.0,1.0
2024-07-26,218.7,219.49,216.01,217.96,216.507118430154,41601345,0.0,1.0
2024-07-29,216.96,219.3,215.75,218.24,216.78525200127,36311778,0.0,1.0
2024-07-30,219.19,220.325,216.12,218.8,217.341519143502,41643840,0.0,1.0
2024-07-31,221.44,223.82,220.63,222.08,220.59965526229,50036262,0.0,1.0
2024-08-01,224.37,224.48,217.02,218.36,216.904452103177,62500996,0.0,1.0
2024-08-02,219.15,225.6,217.71,219.86,218.394453377013,105568560,0.0,1.0
2024-08-05,199.09,213.5,196.0,209.27,207.875044383733,119548589,0.0,1.0
2024-08-06,205.3,209.99,201.07,207.23,205.848642651316,69660488,0.0,1.0
2024-08-07,206.9,213.64,206.39,209.82,208.421378184139,63516417,0.0,1.0
2024-08-08,213.11,214.2,208.83,213.31,211.888114481264,47161149,0.0,1.0
2024-08-09,212.1,216.78,211.97,216.24,214.798583636156,42201646,0.0,1.0
2024-08-12,216.07,219.5099,215.6,217.53,216.328318277294,38028092,0.25,1.0
2024-08-13,219.01,221.89,219.01,221.27,220.047657726368,44155331,0.0,1.0
2024-08-14,220.57,223.03,219.7,221.72,220.495171831203,41960574,0.0,1.0
2024-08-15,224.6,225.35,222.76,224.72,223.478599196771,46414013,0.0,1.0
2024-08-16,223.92,226.8271,223.6501,226.05,224.801251995506,44340240,0.0,1.0
2024-08-19,225.72,225.99,223.04,225.89,224.642135869342,40687813,0.0,1.0
2024-08-20,225.77,227.17,225.45,226.51,225.258710858226,30299033,0.0,1.0
2024-08-21,226.52,227.98,225.05,226.4,225.149318521488,34765480,0.0,1.0
2024-08-22,227.79,228.34,223.9,224.53,223.289648796951,43695321,0.0,1.0
2024-08-23,225.6589,228.22,224.33,226.84,225.586887868438,38677250,0.0,1.0
2024-08-26,226.76,227.28,223.8905,227.18,225.925009636536,30602208,0.0,1.0
2024-08-27,225.995,228.85,224.89,228.03,226.77031405678,35934559,0.0,1.0
2024-08-28,227.92,229.86,225.68,226.49,225.238821342456,38052167,0.0,1.0
2024-08-29,230.1,232.92,228.88,229.79,228.52059144458,51906297,0.0,1.0
2024-08-30,230.19,230.4,227.48,229.0,227.734955571647,52990770,0.0,1.0
2024-09-03,228.55,229.0,221.17,222.77,221.539371409152,50190574,0.0,1.0
2024-09-04,221.66,221.78,217.48,220.85,219.629977895189,43262758,0.0,1.0
2024-09-05,221.625,225.48,221.52,222.38,221.151525851628,36615398,0.0,1.0
2024-09-06,223.95,225.24,219.77,220.82,219.600143621533,48423011,0.0,1.0
2024-09-09,220.82,221.27,216.71,220.91,219.6896464425,67179965,0.0,1.0
2024-09-10,218.92,221.48,216.73,220.11,218.894065811682,51591033,0.0,1.0
2024-09-11,221.455,223.09,217.89,222.66,221.429979072414,44587072,0.0,1.0
2024-09-12,222.5,223.55,219.82,222.77,221.539371409152,37498225,0.0,1.0
2024-09-13,223.58,224.04,221.91,222.5,221.270862946251,36766619,0.0,1.0
2024-09-16,216.54,217.22,213.92,216.32,215.125002573182,59357427,0.0,1.0
2024-09-17,215.75,216.9,214.5,216.79,215.592406193787,45519339,0.0,1.0
2024-09-18,217.55,222.71,217.54,220.69,219.470861769025,59894928,0.0,1.0
2024-09-19,224.99,229.82,224.63,228.87,227.605673719139,66781315,0.0,1.0
2024-09-20,229.97,233.09,227.62,228.2,226.939374940829,318679888,0.0,1.0
2024-09-23,227.34,229.45,225.81,226.47,225.218931826685,54146023,0.0,1.0
2024-09-24,228.645,229.35,225.73,227.37,226.113960036355,43556068,0.0,1.0
2024-09-25,224.93,227.29,224.02,226.37,225.119484247833,42308715,0.0,1.0
2024-09-26,227.3,228.5,225.41,227.52,226.263131404634,36636707,0.0,1.0
2024-09-27,228.46,229.52,227.3,227.79,226.531639867535,34025967,0.0,1.0
2024-09-30,230.04,233.0,229.65,233.0,231.712858725737,54793391,0.0,1.0
2024-10-01,229.52,229.65,223.74,226.21,224.960368121669,63285048,0.0,1.0
2024-10-02,225.89,227.37,223.02,226.78,225.527219321127,32880605,0.0,1.0
2024-10-03,225.14,226.805,223.32,225.67,224.423351195867,34044158,0.0,1.0
2024-10-04,227.9,228.0,224.13,226.8,225.547108836897,37345098,0.0,1.0
2024-10-07,224.5,225.69,221.33,221.69,220.465337557548,39505354,0.0,1.0
2024-10-08,224.3,225.98,223.25,225.77,224.522798774719,31855693,0.0,1.0
2024-10-09,225.23,229.75,224.83,229.54,228.271972497449,33591091,0.0,1.0
2024-10-10,227.78,229.5,227.17,229.04,227.774734603188,28183544,0.0,1.0
2024-10-11,229.3,229.41,227.34,227.55,226.292965678289,31759188,0.0,1.0
2024-10-14,228.7,231.73,228.6,231.3,230.022249885249,39882085,0.0,1.0
2024-10-15,233.61,237.49,232.37,233.85,232.558163145981,64751367,0.0,1.0
2024-10-16,231.6,232.12,229.84,231.78,230.499598263739,34082240,0.0,1.0
2024-10-17,233.43,233.85,230.52,232.15,230.867554305493,32993810,0.0,1.0
2024-10-18,236.18,236.18,234.01,235.0,233.701810302782,46431472,0.0,1.0
2024-10-21,234.45,236.85,234.45,236.48,235.173634469795,36254470,0.0,1.0
2024-10-22,233.885,236.22,232.6,235.86,234.557059480911,38846578,0.0,1.0
2024-10-23,234.08,235.144,227.76,230.76,229.485232959446,52286979,0.0,1.0
2024-10-24,229.98,230.82,228.41,230.57,229.296282559627,31109503,0.0,1.0
2024-10-25,229.74,233.22,229.57,231.41,230.131642221986,38802304,0.0,1.0
2024-10-28,233.32,234.73,232.55,233.4,232.110649041146,36087134,0.0,1.0
2024-10-29,233.1,234.325,232.32,233.67,232.379157504047,35417247,0.0,1.0
2024-10-30,232.61,233.47,229.55,230.1,228.828878939022,47070907,0.0,1.0
2024-10-31,229.34,229.83,225.37,225.91,224.662025385112,64370086,0.0,1.0
2024-11-01,220.965,225.35,220.27,222.91,221.678598019545,65276741,0.0,1.0
2024-11-04,220.99,222.79,219.71,222.01,220.783569809875,44944468,0.0,1.0
2024-11-05,221.795,223.95,221.14,223.45,222.215614945347,28111338,0.0,1.0
2024-11-06,222.61,226.065,221.19,222.72,221.489647619726,54561121,0.0,1.0
2024-11-07,224.625,227.875,224.57,227.48,226.223352373093,42137691,0.0,1.0
2024-11-08,227.17,228.66,226.405,226.96,225.954843910192,38328824,0.25,1.0
2024-11-11,225.0,225.7,221.5,224.23,223.236934481769,42005602,0.0,1.0
2024-11-12,224.55,225.59,223.355,224.23,223.236934481769,40398299,0.0,1.0
2024-11-13,224.01,226.65,222.76,225.12,224.122992866859,48566217,0.0,1.0
2024-11-14,225.02,228.87,225.0,228.22,227.209263646387,44923941,0.0,1.0
2024-11-15,226.4,226.92,224.27,225.0,224.003524320555,47923696,0.0,1.0
2024-11-18,225.25,229.74,225.17,228.02,227.010149402546,44686020,0.0,1.0
2024-11-19,226.98,230.16,226.66,228.28,227.268997919539,36211774,0.0,1.0
2024-11-20,228.06,229.93,225.89,229.0,227.985809197365,35169566,0.0,1.0
2024-11-21,228.88,230.155,225.7103,228.52,227.507935012147,42108327,0.0,1.0
2024-11-22,228.06,230.7199,228.06,229.87,228.851956158071,38168252,0.0,1.0
2024-11-25,231.46,233.245,229.74,232.87,231.838669815678,90152832,0.0,1.0
2024-11-26,233.33,235.57,233.33,235.06,234.018970785732,45986189,0.0,1.0
2024-11-27,234.465,235.69,233.8101,234.93,233.889546527235,33498439,0.0,1.0
2024-11-29,234.81,237.81,233.97,237.33,236.278917453321,28481377,0.0,1.0
2024-12-02,237.27,240.79,237.16,239.59,238.528908408719,48137103,0.0,1.0
2024-12-03,239.81,242.76,238.9,242.65,241.575356339478,38861017,0.0,1.0
2024-12-04,242.87,244.11,241.25,243.01,241.933761978391,44383935,0.0,1.0
2024-12-05,243.99,244.54,242.13,243.04,241.963629114967,40033878,0.0,1.0
2024-12-06,242.905,244.63,242.08,242.84,241.764514871127,36870619,0.0,1.0
2024-12-09,241.83,247.24,241.75,246.75,245.657198338208,44649232,0.0,1.0
2024-12-10,246.89,248.21,245.34,247.77,246.672680981795,36914806,0.0,1.0
2024-12-11,247.96,250.8,246.2601,246.49,245.398349821216,45205814,0.0,1.0
2024-12-12,246.89,248.74,245.68,247.96,246.861839513443,32777532,0.0,1.0
2024-12-13,247.815,249.2902,246.24,248.13,247.031086620708,33155290,0.0,1.0
2024-12-16,247.99,251.38,247.65,251.04,249.928198868587,51694753,0.0,1.0
2024-12-17,250.08,253.83,249.78,253.48,252.357392643441,51356360,0.0,1.0
2024-12-18,252.16,254.28,247.74,248.05,246.951440923172,56774101,0.0,1.0
2024-12-19,247.5,252.0,247.0949,249.79,248.683734844584,60882264,0.0,1.0
2024-12-20,248.04,255.0,245.69,254.49,253.362919574836,147495267,0.0,1.0
2024-12-23,254.77,255.65,253.45,255.27,254.139465125813,40858774,0.0,1.0
2024-12-24,255.49,258.21,255.29,258.2,257.056488798077,23234705,0.0,1.0
2024-12-26,258.19,260.1,257.63,259.02,257.872857197823,27262983,0.0,1.0
2024-12-27,257.83,258.7,253.06,255.59,254.458047915958,42355321,0.0,1.0
2024-12-30,252.23,253.5,250.75,252.2,251.083061482862,35557542,0.0,1.0
2024-12-31,252.44,253.28,249.43,250.42,249.310944712681,39480718,0.0,1.0
